,ts_code,symbol,name,industry,COL_LASTPRICE,COL_DAILY_BREAK_INDEX,COL_LOCAL_LIMIT_COUNT_5,COL_LOCAL_LIMIT_COUNT_10,COL_CIRC_MV,COL_FLOAT_HOLDERS,COL_HOLDERS_COUNT
0,300064.SZ,300064,豫金刚石,矿物制品,2.03,8.0,0.0,2.0,13.41,香港中央结算有限公司(陆股通),1.0
1,600691.SH,600691,阳煤化工,农药化肥,2.05,8.0,0.0,1.0,37.06,云南国际信托有限公司-源盛恒瑞21号集合资金信托计划,1.0
2,002610.SZ,002610,爱康科技,电气设备,2.27,0.0,2.0,3.0,90.36,中国银行股份有限公司-广发中证环保产业交易型开放式指数证券投资基金,1.0
3,300185.SZ,300185,通裕重工,工程机械,2.39,0.0,1.0,1.0,63.33,中央汇金资产管理有限责任公司,1.0
4,002305.SZ,002305,南国置业,区域地产,2.58,9.0,0.0,1.0,46.44,"东吴基金-上海银行-东吴鼎利6020号资产管理计划
东吴基金-上海银行-渤海国际信托股份有限公司",2.0
5,002263.SZ,002263,大东南,塑料,2.63,8.0,0.0,1.0,50.71,,0.0
6,000659.SZ,000659,珠海中富,广告包装,2.63,2.0,1.0,1.0,36.64,,0.0
7,600467.SH,600467,好当家,渔业,2.77,9.0,0.0,1.0,40.91,长安国际信托股份有限公司-银帆3期(长安投资78号)集合资金信托计划,1.0
8,600527.SH,600527,江南高纤,化纤,2.83,8.0,0.0,2.0,42.74,,0.0
9,300108.SZ,300108,吉药控股,中成药,3.0,2.0,2.0,2.0,14.5,"汇安基金-浦发银行-江海证券有限公司
吉林省现代农业和新兴产业投资基金有限公司
上海国药股权投资基金合伙企业(有限合伙)",3.0
10,600558.SH,600558,大西洋,钢加工,3.12,8.0,0.0,1.0,28.72,中国建设银行股份有限公司-华夏中证四川国企改革交易型开放式指数证券投资基金,1.0
11,600567.SH,600567,山鹰纸业,造纸,3.13,4.0,1.0,1.0,148.44,"香港中央结算有限公司(陆股通)
山鹰国际控股股份公司-创享激励基金合伙人第一期持股计划
新华信托股份有限公司-新华信托华睿系列·金沙2号证券投资集合资金信托计划",3.0
12,002622.SZ,002622,融钰集团,综合类,3.26,2.0,2.0,2.0,29.23,"创隆资产管理有限公司
陕西省国际信托股份有限公司-陕国投·鑫鑫向荣78号证券投资集合资金信托计划",2.0
13,600208.SH,600208,新湖中宝,全国地产,3.32,9.0,0.0,1.0,300.08,"香港中央结算有限公司(陆股通)
华澳国际信托有限公司-华澳·臻智56号-新湖中宝员工持股计划集合资金信托计划",2.0
14,002141.SZ,002141,贤丰控股,元器件,3.36,4.0,1.0,2.0,22.34,"中国对外经济贸易信托有限公司-外贸信托-广荣2号结构化证券投资集合资金信托计划
深圳市前海建泓时代资产管理有限公司-建泓盈富二号投资基金",2.0
15,600981.SH,600981,汇鸿集团,商贸代理,3.36,2.0,1.0,1.0,26.31,"上海赛领并购投资基金合伙企业(有限合伙)
兴证证券资管-工商银行-兴证资管鑫成63号集合资产管理计划
兴证证券资管-工商银行-兴证资管鑫成61号集合资产管理计划
兴证证券资管-工商银行-兴证资管鑫成71号双红利轮动集合资产管理计划
全国社保基金五零一组合
上海国药圣礼股权投资基金合伙企业(有限合伙)
上海赛领博达股权投资基金合伙企业(有限合伙)",7.0
16,000428.SZ,000428,华天酒店,酒店餐饮,3.38,5.0,0.0,1.0,36.58,深圳昭阳投资管理有限公司-昭阳1号私募证券投资基金,1.0
17,600577.SH,600577,精达股份,电气设备,3.39,6.0,0.0,2.0,69.94,"香港中央结算有限公司(陆股通)
兴业国际信托有限公司-兴业信托·精达股份1号员工持股集合资金信托计划",2.0
18,601599.SH,601599,鹿港文化,影视音像,3.46,7.0,0.0,3.0,32.85,,0.0
19,000540.SZ,000540,中天金融,多元金融,3.47,7.0,0.0,2.0,260.8,"香港中央结算有限公司(陆股通)
中央汇金资产管理有限责任公司",2.0
20,300309.SZ,300309,吉艾科技,多元金融,3.48,8.0,0.0,1.0,26.91,,0.0
21,000937.SZ,000937,冀中能源,煤炭开采,3.48,4.0,1.0,1.0,104.64,"香港中央结算有限公司(陆股通)
中国农业银行股份有限公司-中证500交易型开放式指数证券投资基金
中央汇金资产管理有限责任公司",3.0
22,000592.SZ,000592,平潭发展,林业,3.49,8.0,0.0,1.0,73.3,"香港中央结算有限公司(陆股通)
深圳平安大华汇通财富-平安银行-中融国际信托-中融-盈源11号证券投资集合资金信托计划
中央汇金资产管理有限责任公司",3.0
23,000718.SZ,000718,苏宁环球,区域地产,3.5,3.0,1.0,1.0,84.93,"香港中央结算有限公司(陆股通)
安徽省铁路发展基金股份有限公司",2.0
24,600586.SH,600586,金晶科技,玻璃,3.51,8.0,0.0,1.0,52.01,"香港中央结算有限公司(陆股通)
中国建设银行股份有限公司-广发中证全指建筑材料指数型发起式证券投资基金
中央汇金资产管理有限责任公司
嘉实基金-农业银行-嘉实中证金融资产管理计划",4.0
25,002162.SZ,002162,悦心健康,医疗保健,3.62,0.0,1.0,1.0,28.06,中央汇金资产管理有限责任公司,1.0
26,600082.SH,600082,海泰发展,园区开发,3.63,3.0,1.0,1.0,24.36,,0.0
27,600052.SH,600052,浙江广厦,影视音像,3.64,5.0,0.0,1.0,33.65,,0.0
28,002662.SZ,002662,京威股份,汽车配件,3.67,7.0,0.0,1.0,56.32,,0.0
29,000836.SZ,000836,富通鑫茂,通信设备,3.72,2.0,1.0,1.0,45.43,"汇安基金-浙商银行-汇安基金-湖畔1号资产管理计划
中国工商银行股份有限公司-国泰中证全指通信设备交易型开放式指数证券投资基金
南华基金-浙商银行-南华基金鑫华1号资产管理计划",3.0
30,000620.SZ,000620,新华联,全国地产,3.82,3.0,1.0,1.0,73.97,"香港中央结算有限公司(陆股通)
中央汇金资产管理有限责任公司",2.0
31,001896.SZ,001896,豫能控股,火力发电,3.93,9.0,0.0,1.0,37.83,"信诚基金-工商银行-中国对外经济贸易信托有限公司
信诚基金-中信证券-广州金控资本管理有限公司",2.0
32,002218.SZ,002218,拓日新能,半导体,3.93,3.0,0.0,1.0,50.45,中央汇金资产管理有限责任公司,1.0
33,002437.SZ,002437,誉衡药业,化学制药,3.94,9.0,0.0,1.0,90.91,,0.0
34,600370.SH,600370,三房巷,纺织,3.94,2.0,0.0,1.0,32.85,,0.0
35,600581.SH,600581,八一钢铁,普钢,3.96,4.0,1.0,2.0,65.45,中央汇金资产管理有限责任公司,1.0
36,300091.SZ,300091,金通灵,机械基件,4.02,0.0,1.0,1.0,36.07,"上海滚石投资管理有限公司-滚石3号运能能源股权投资基金
鹏华资产-浦发银行-上海爱建信托-爱建信托-浦发金通定增2号集合资金信托计划",2.0
37,000514.SZ,000514,渝开发,区域地产,4.05,8.0,0.0,1.0,35.19,中央汇金资产管理有限责任公司,1.0
38,600722.SH,600722,金牛化工,化工原料,4.09,2.0,1.0,1.0,29.39,,0.0
39,603766.SH,603766,隆鑫通用,摩托车,4.09,1.0,1.0,1.0,88.71,"上海高毅资产管理合伙企业(有限合伙)-高毅邻山1号远望基金
中国农业银行股份有限公司-中证500交易型开放式指数证券投资基金
香港中央结算有限公司(陆股通)",3.0
40,600496.SH,600496,精工钢构,钢加工,4.11,3.0,1.0,1.0,65.55,"长安国际信托股份有限公司-银帆3期(长安投资78号)集合资金信托计划
全国社保基金六零三组合
交通银行-中海优质成长证券投资基金
中央汇金资产管理有限责任公司
中国建设银行-上投摩根阿尔法股票型证券投资基金
中国银行股份有限公司-华泰紫金泰盈混合型证券投资基金",6.0
41,000822.SZ,000822,山东海化,化工原料,4.11,0.0,1.0,1.0,33.48,中央汇金资产管理有限责任公司,1.0
42,603227.SH,603227,雪峰科技,化工原料,4.14,4.0,0.0,1.0,27.99,,0.0
43,600724.SH,600724,宁波富达,水泥,4.14,4.0,1.0,1.0,62.13,,0.0
44,002435.SZ,002435,长江健康,化学制药,4.15,7.0,0.0,1.0,50.62,"西藏信托有限公司-西藏信托-莱沃50号集合资金信托计划
华安资产管理(香港)有限公司-客户资金专户1号(交易所)",2.0
45,600490.SH,600490,鹏欣资源,铜,4.17,0.0,1.0,1.0,66.98,,0.0
46,000046.SZ,000046,泛海控股,多元金融,4.17,3.0,1.0,1.0,230.81,"香港中央结算有限公司(陆股通)
建信基金-兴业银行-华鑫信托-华鑫信托·慧智投资52号结构化集合资金信托计划
德邦创新资本-渤海银行-中融国际信托有限公司",3.0
47,603993.SH,603993,洛阳钼业,小金属,4.22,9.0,0.0,1.0,784.36,"香港中央结算有限公司(陆股通)
中国建设银行股份有限公司-博时主题行业混合型证券投资基金(LOF)
建信基金-工商银行-陕西省国际信托-陕国投·金玉6号定向投资集合资金信托计划
民生加银基金-宁波银行-嘉兴民琉投资合伙企业(有限合伙)
全国社保基金一零八组合
中国国有企业结构调整基金股份有限公司",6.0
48,002652.SZ,002652,扬子新材,其他建材,4.23,8.0,0.0,1.0,18.87,,0.0
49,002069.SZ,002069,獐子岛,渔业,4.26,0.0,1.0,1.0,28.58,北京吉融元通资产管理有限公司-和岛一号证券投资基金,1.0
50,000959.SZ,000959,首钢股份,普钢,4.27,9.0,0.0,1.0,226.05,"香港中央结算有限公司(陆股通)
北京纳木纳尼资产管理有限公司",2.0
51,000875.SZ,000875,吉电股份,火力发电,4.28,3.0,1.0,1.0,92.29,"香港中央结算有限公司(陆股通)
平安基金-包商银行-上海国际集团资产管理有限公司
华安基金-兴业银行-广西铁路发展投资基金(有限合伙)",3.0
52,300283.SZ,300283,温州宏丰,电气设备,4.29,6.0,0.0,1.0,10.37,中央汇金资产管理有限责任公司,1.0
53,000010.SZ,000010,美丽生态,建筑工程,4.3,1.0,1.0,1.0,22.71,"上海衍金投资管理有限公司-衍金共生2号私募证券投资基金
深圳市德远投资有限公司-德远梧桐山9号私募基金",2.0
54,000564.SZ,000564,供销大集,百货,4.3,9.0,0.0,1.0,93.27,"西部利得基金-交通银行-哈尔滨嘉悦投资有限公司
上海并购股权投资基金合伙企业(有限合伙)
香港中央结算有限公司(陆股通)
方正富邦基金-光大银行-陕西省国际信托-陕国投·盛唐70号定向投资集合资金信托计划",4.0
55,000510.SZ,000510,新金路,化工原料,4.34,7.0,0.0,1.0,25.28,华创证券-证券行业支持民企发展系列之华创证券1号FOF单一资产管理计划-华创证券有限责任公司支持民企发展,1.0
56,000757.SZ,000757,浩物股份,汽车配件,4.35,8.0,0.0,1.0,19.78,"北方国际信托股份有限公司-旭富证券投资单一资金信托计划
宁夏宁金基金管理有限公司-宁金华盈6号私募证券投资基金
北方国际信托股份有限公司-汇富证券投资单一资金信托计划
中国建设银行股份有限公司-华夏中证四川国企改革交易型开放式指数证券投资基金
宁夏宁金基金管理有限公司-宁金丰和日利私募证券投资基金
宁夏宁金基金管理有限公司-宁金丰和月满私募证券投资基金
北方国际信托股份有限公司-易富证券投资单一资金信托计划",7.0
57,002721.SZ,002721,金一文化,服饰,4.36,8.0,0.0,1.0,27.87,"北京海鑫资产管理有限公司
泰达宏利基金-平安银行-泰达宏利价值成长定向增发699号资产管理计划
云南国际信托有限公司-云信智兴2017-2057号单一资金信托",3.0
58,600502.SH,600502,安徽建工,建筑工程,4.39,8.0,0.0,1.0,67.48,"香港中央结算有限公司(陆股通)
交通银行股份有限公司-广发中证基建工程指数型发起式证券投资基金
中国银行股份有限公司-信诚中证基建工程指数型证券投资基金(LOF)",3.0
59,002094.SZ,002094,青岛金王,日用化工,4.42,4.0,0.0,1.0,31.97,"佳和美资产管理有限公司
金鹰基金-浦发银行-金鹰中植产投定增8号资产管理计划
蓝色经济区产业投资基金(有限合伙)
华夏基金-浦发银行-华夏基金-中植产投-定增1号资产管理计划",4.0
60,000928.SZ,000928,中钢国际,建筑工程,4.42,2.0,1.0,1.0,57.68,"交通银行股份有限公司-广发中证基建工程指数型发起式证券投资基金
香港中央结算有限公司(陆股通)
中钢资产管理有限责任公司
红土创新基金-银河证券-深圳市创新投资集团有限公司
中航证券-宁波银行-中航祥瑞集合资产管理计划",5.0
61,300048.SZ,300048,合康新能,电气设备,4.43,4.0,0.0,1.0,52.75,,0.0
62,300262.SZ,300262,巴安水务,环境保护,4.43,8.0,0.0,1.0,20.91,"华宝信托有限责任公司-华宝信托-巴安水务员工持股一期集合资金信托计划
安徽省铁路发展基金股份有限公司",2.0
63,002285.SZ,002285,世联行,房产服务,4.48,0.0,3.0,3.0,81.99,"香港中央结算有限公司(陆股通)
中国农业银行股份有限公司-中证500交易型开放式指数证券投资基金
中央汇金资产管理有限责任公司",3.0
64,600707.SH,600707,彩虹股份,元器件,4.55,9.0,1.0,1.0,63.11,"北信瑞丰基金-浦发银行-北京国际信托-北京信托·轻盐丰收理财2015015号集合资金信托计划
富国基金管理有限公司-社保基金一五零一组合
中国农业银行股份有限公司-中证500交易型开放式指数证券投资基金
合肥芯屏产业投资基金(有限合伙)",4.0
65,002671.SZ,002671,龙泉股份,其他建材,4.56,9.0,0.0,1.0,22.09,,0.0
66,300267.SZ,300267,尔康制药,化学制药,4.62,1.0,0.0,1.0,71.29,,0.0
67,300264.SZ,300264,佳创视讯,通信设备,4.62,8.0,0.0,1.0,15.51,中央汇金资产管理有限责任公司,1.0
68,601199.SH,601199,江南水务,水务,4.63,4.0,0.0,1.0,44.89,,0.0
69,600617.SH,600617,国新能源,供气供热,4.7,4.0,1.0,1.0,45.72,中央汇金资产管理有限责任公司,1.0
70,002245.SZ,002245,澳洋顺昌,仓储物流,4.72,1.0,1.0,1.0,45.0,华润深国投信托有限公司-华润信托·昀沣9号集合资金信托计划,1.0
71,002068.SZ,002068,黑猫股份,化工原料,4.73,1.0,0.0,1.0,31.2,"中国工商银行股份有限公司-中欧精选灵活配置定期开放混合型发起式证券投资基金
中国建设银行股份有限公司-易方达中证国企一带一路交易型开放式指数证券投资基金
中国银行股份有限公司-华宝标普中国A股红利机会指数证券投资基金(LOF)
中央汇金资产管理有限责任公司
中国工商银行股份有限公司-中欧匠心两年持有期混合型证券投资基金
中国银行股份有限公司-富国中证国企一带一路交易型开放式指数证券投资基金",6.0
72,002489.SZ,002489,浙江永强,家居用品,4.76,7.0,0.0,1.0,95.39,"香港中央结算有限公司(陆股通)
中国建设银行股份有限公司-信达澳银新能源产业股票型证券投资基金
中国工商银行股份有限公司-融通中国风1号灵活配置混合型证券投资基金",3.0
73,601216.SH,601216,君正集团,化工原料,4.86,0.0,4.0,5.0,372.96,"香港中央结算有限公司(陆股通)
中央汇金资产管理有限责任公司
中信信诚资产-招商银行-诚融聚荷1号资产管理计划",3.0
74,000978.SZ,000978,桂林旅游,旅游景点,4.87,7.0,0.0,1.0,17.82,"华夏基金华兴2号股票型养老金产品
华夏基金-中国银行-中银国际证券有限责任公司
华夏基金华益3号股票型养老金产品
华夏基金华兴8号股票型养老金产品",4.0
75,300008.SZ,300008,天海防务,船舶,4.89,0.0,0.0,1.0,35.7,,0.0
76,002177.SZ,002177,御银股份,IT设备,4.9,2.0,1.0,1.0,41.1,中央汇金资产管理有限责任公司,1.0
77,601003.SH,601003,柳钢股份,普钢,4.91,3.0,1.0,1.0,130.7,"中国建设银行股份有限公司-易方达中证国企一带一路交易型开放式指数证券投资基金
招商银行股份有限公司-上证红利交易型开放式指数证券投资基金
香港中央结算有限公司(陆股通)
中国农业银行股份有限公司-汇添富中证国企一带一路交易型开放式指数证券投资基金
建信基金公司-建行-中国建设银行股份有限公司
中国工商银行股份有限公司-富国中证红利指数增强型证券投资基金
中国银行股份有限公司-富国中证国企一带一路交易型开放式指数证券投资基金
中国建设银行股份有限公司-大成中证红利指数证券投资基金",8.0
78,002277.SZ,002277,友阿股份,百货,4.92,8.0,0.0,1.0,67.48,中央汇金资产管理有限责任公司,1.0
79,300159.SZ,300159,新研股份,航空,4.97,8.0,0.0,1.0,70.28,华澳国际信托有限公司-华澳·臻智28号证券投资集合资金信托计划,1.0
80,000570.SZ,000570,苏常柴A,机械基件,4.97,4.0,0.0,1.0,21.68,中国建设银行股份有限公司-信达澳银新能源产业股票型证券投资基金,1.0
81,002378.SZ,002378,章源钨业,小金属,5.0,4.0,0.0,1.0,50.04,香港中央结算有限公司(陆股通),1.0
82,000589.SZ,000589,贵州轮胎,汽车配件,5.02,1.0,0.0,1.0,40.25,深圳抱朴容易资产管理有限公司-抱朴容易7号私募证券投资基金,1.0
83,300102.SZ,300102,乾照光电,半导体,5.03,2.0,1.0,1.0,38.06,"国通信托有限责任公司-国通信托·紫金15号卓丰增持集合资金信托计划
国通信托有限责任公司-国通信托·紫金6号集合资金信托计划
深圳和君正德资产管理有限公司-正德鑫盛一号投资私募基金
深圳和君正德资产管理有限公司-正德远盛产业创新结构化私募基金
山西黄河股权投资管理有限公司-太行产业并购私募基金",5.0
84,002266.SZ,002266,浙富控股,电气设备,5.04,2.0,1.0,1.0,85.81,"中国农业银行股份有限公司-中证500交易型开放式指数证券投资基金
西藏信托有限公司-西藏信托-智昂6号集合资金信托计划
中央汇金资产管理有限责任公司",3.0
85,603169.SH,603169,兰石重装,专用机械,5.04,7.0,0.0,1.0,54.68,光大兴陇信托有限责任公司,1.0
86,601989.SH,601989,中国重工,船舶,5.06,1.0,1.0,1.0,947.11,"工银瑞信基金-农业银行-工银瑞信中证金融资产管理计划
香港中央结算有限公司(陆股通)
中国建设银行股份有限公司-富国中证军工指数分级证券投资基金
中央汇金资产管理有限责任公司
中国华融资产管理股份有限公司",5.0
87,000430.SZ,000430,张家界,旅游景点,5.06,7.0,0.0,1.0,17.25,诺德基金-兴业银行-上海建工集团投资有限公司,1.0
88,600778.SH,600778,友好集团,百货,5.08,4.0,1.0,2.0,16.68,,0.0
89,002164.SZ,002164,宁波东力,电气设备,5.14,7.0,1.0,4.0,22.11,富国基金-中国人寿保险股份有限公司-分红险-富国基金国寿股份成长股票型组合单一资产管理计划,1.0
90,600873.SH,600873,梅花生物,食品,5.19,8.0,0.0,1.0,158.36,"北京隆慧投资有限公司-隆慧汇晨战略投资私募证券投资基金
招商银行股份有限公司-上证红利交易型开放式指数证券投资基金",2.0
91,002239.SZ,002239,奥特佳,汽车配件,5.2,8.0,1.0,3.0,180.99,,0.0
92,300239.SZ,300239,东宝生物,生物制药,5.23,1.0,1.0,1.0,27.57,"中科先行(北京)资产管理有限公司
中国华融资产管理股份有限公司
中央汇金资产管理有限责任公司
内蒙古金融资产管理有限公司",4.0
93,000599.SZ,000599,青岛双星,汽车配件,5.26,4.0,1.0,2.0,39.54,"招商财富-招商银行-国信金控1号专项资产管理计划
华能贵诚信托有限公司
济南国惠兴鲁股权投资基金合伙企业(有限合伙)",3.0
94,600784.SH,600784,鲁银投资,普钢,5.29,5.0,0.0,3.0,32.22,,0.0
95,000488.SZ,000488,晨鸣纸业,造纸,5.42,3.0,1.0,1.0,94.09,"香港中央结算有限公司(陆股通)
中国农业银行股份有限公司-中证500交易型开放式指数证券投资基金
中央汇金资产管理有限责任公司",3.0
96,000498.SZ,000498,山东路桥,建筑工程,5.46,7.0,0.0,1.0,63.17,"领航投资澳洲有限公司-领航新兴市场股指基金(交易所)
交通银行股份有限公司-广发中证基建工程指数型发起式证券投资基金
中国银行股份有限公司-信诚中证基建工程指数型证券投资基金(LOF)
易方达基金-工商银行-易方达基金臻选2号资产管理计划",4.0
97,000750.SZ,000750,国海证券,证券,5.51,3.0,1.0,1.0,325.04,"中国建设银行股份有限公司-国泰中证全指证券公司交易型开放式指数证券投资基金
中央汇金资产管理有限责任公司",2.0
98,600676.SH,600676,交运股份,公共交通,5.59,6.0,0.0,1.0,58.73,中国工商银行股份有限公司-中证上海国企交易型开放式指数证券投资基金,1.0
99,600531.SH,600531,豫光金铅,铅锌,5.61,0.0,1.0,1.0,55.6,"香港中央结算有限公司(陆股通)
中国建设银行股份有限公司-长城量化小盘股票型证券投资基金
中信银行股份有限公司-九泰锐益定增灵活配置混合型证券投资基金
中国黄金集团资产管理有限公司
北京大观投资管理有限公司-大观良兴号私募投资基金",5.0
100,000012.SZ,000012,南玻A,玻璃,5.64,2.0,1.0,1.0,117.81,"香港中央结算有限公司(陆股通)
中央汇金资产管理有限责任公司",2.0
101,600425.SH,600425,青松建化,水泥,5.64,4.0,0.0,1.0,78.04,"中央汇金资产管理有限责任公司
广发基金-农业银行-广发中证金融资产管理计划
大成基金-农业银行-大成中证金融资产管理计划
嘉实基金-农业银行-嘉实中证金融资产管理计划",4.0
102,002366.SZ,002366,台海核电,专用机械,5.66,1.0,2.0,2.0,29.54,"香港中央结算有限公司(陆股通)
中国建设银行股份有限公司-景顺长城量化精选股票型证券投资基金
中国农业银行股份有限公司-中证500交易型开放式指数证券投资基金
华润深国投信托有限公司-睿宏1号集合资金信托计划",4.0
103,600711.SH,600711,盛屯矿业,小金属,5.67,8.0,0.0,1.0,107.42,香港中央结算有限公司(陆股通),1.0
104,600409.SH,600409,三友化工,化工原料,5.68,7.0,1.0,2.0,115.6,"香港中央结算有限公司(陆股通)
中央汇金资产管理有限责任公司
中国建设银行股份有限公司-中欧价值发现股票型证券投资基金
招商银行股份有限公司-中欧恒利三年定期开放混合型证券投资基金
中国农业银行股份有限公司-中证500交易型开放式指数证券投资基金",5.0
105,002029.SZ,002029,七匹狼,服饰,5.69,3.0,1.0,1.0,43.44,"广发基金-农业银行-广发中证金融资产管理计划
工银瑞信基金-农业银行-工银瑞信中证金融资产管理计划
华夏基金-农业银行-华夏中证金融资产管理计划
南方基金-农业银行-南方中证金融资产管理计划
基本养老保险基金一零零三组合
中央汇金资产管理有限责任公司
华泰证券股份有限公司-中庚价值领航混合型证券投资基金
中欧基金-农业银行-中欧中证金融资产管理计划
大成基金-农业银行-大成中证金融资产管理计划
银华基金-农业银行-银华中证金融资产管理计划
博时基金-农业银行-博时中证金融资产管理计划
易方达基金-农业银行-易方达中证金融资产管理计划
嘉实基金-农业银行-嘉实中证金融资产管理计划",13.0
106,002361.SZ,002361,神剑股份,化工原料,5.71,0.0,2.0,2.0,32.42,,0.0
107,002059.SZ,002059,云南旅游,旅游景点,5.82,4.0,0.0,2.0,44.58,"上海博观投资管理有限公司-博观臻选三期证券投资基金
中央汇金资产管理有限责任公司",2.0
108,002092.SZ,002092,中泰化学,化工原料,5.83,7.0,0.0,1.0,123.84,"香港中央结算有限公司(陆股通)
广州市玄元投资管理有限公司-玄元六度元宝8号私募投资基金
中央汇金资产管理有限责任公司
中国农业银行股份有限公司-中证500交易型开放式指数证券投资基金",4.0
109,002064.SZ,002064,华峰氨纶,化纤,5.85,2.0,1.0,1.0,95.54,"工银瑞信基金-农业银行-工银瑞信中证金融资产管理计划
香港中央结算有限公司(陆股通)
中央汇金资产管理有限责任公司
中欧基金-农业银行-中欧中证金融资产管理计划
嘉实基金-农业银行-嘉实中证金融资产管理计划",5.0
110,000159.SZ,000159,国际实业,石油贸易,5.87,2.0,1.0,1.0,29.95,中央汇金资产管理有限责任公司,1.0
111,000516.SZ,000516,国际医学,医疗保健,5.89,8.0,1.0,2.0,123.07,"泰达宏利基金-民生银行-泰达宏利价值成长定向增发170号资产管理计划
广东粤财信托有限公司-粤财信托·粤中3号集合资金信托计划",2.0
112,600540.SH,600540,新赛股份,种植业,5.92,7.0,0.0,1.0,28.63,,0.0
113,000559.SZ,000559,万向钱潮,汽车配件,5.97,3.0,1.0,1.0,164.91,"香港中央结算有限公司(陆股通)
中国农业银行股份有限公司-中证500交易型开放式指数证券投资基金
国机资产管理有限公司
中央汇金资产管理有限责任公司",4.0
114,000690.SZ,000690,宝新能源,火力发电,5.98,4.0,0.0,1.0,127.76,"广发基金-农业银行-广发中证金融资产管理计划
工银瑞信基金-农业银行-工银瑞信中证金融资产管理计划
香港中央结算有限公司(陆股通)
南方基金-农业银行-南方中证金融资产管理计划
中央汇金资产管理有限责任公司
中欧基金-农业银行-中欧中证金融资产管理计划
大成基金-农业银行-大成中证金融资产管理计划
博时基金-农业银行-博时中证金融资产管理计划
易方达基金-农业银行-易方达中证金融资产管理计划
嘉实基金-农业银行-嘉实中证金融资产管理计划",10.0
115,600350.SH,600350,山东高速,路桥,6.01,9.0,0.0,1.0,294.92,"中国银行股份有限公司-广发优企精选灵活配置混合型证券投资基金
招商银行股份有限公司-上证红利交易型开放式指数证券投资基金
香港中央结算有限公司(陆股通)
中国工商银行股份有限公司-广发行业领先混合型证券投资基金
中国工商银行股份有限公司-富国中证红利指数增强型证券投资基金
山东高速集团-中金公司-17山高EB担保及信托财产专户",6.0
116,002469.SZ,002469,三维工程,建筑工程,6.01,1.0,4.0,4.0,30.96,中央汇金资产管理有限责任公司,1.0
117,600791.SH,600791,京能置业,全国地产,6.03,0.0,3.0,4.0,25.65,哈尔滨市道里区慈善基金会,1.0
118,300291.SZ,300291,华录百纳,影视音像,6.05,2.0,1.0,1.0,48.53,"中央汇金资产管理有限责任公司
博时基金-招商银行-博时基金-三新跃升1号资产管理计划",2.0
119,600552.SH,600552,凯盛科技,玻璃,6.2,9.0,0.0,1.0,50.42,,0.0
120,000807.SZ,000807,云铝股份,铝,6.21,8.0,1.0,1.0,173.08,"华泰资产管理有限公司-策略投资产品
全国社保基金四一二组合
香港中央结算有限公司(陆股通)
易方达基金-工商银行-易方达基金臻选2号资产管理计划
中国工商银行股份有限公司-富国沪深300增强证券投资基金
基本养老保险基金九零二组合
中国农业银行股份有限公司-中证500交易型开放式指数证券投资基金",7.0
121,600250.SH,600250,南纺股份,商贸代理,6.22,2.0,1.0,1.0,16.56,"北京博达富通基金管理有限公司-博达鑫泰私募证券投资基金
中国证券投资者保护基金有限责任公司",2.0
122,002349.SZ,002349,精华制药,中成药,6.24,1.0,1.0,1.0,53.46,,0.0
123,600526.SH,600526,菲达环保,环境保护,6.24,0.0,1.0,1.0,34.16,,0.0
124,002283.SZ,002283,天润工业,汽车配件,6.35,2.0,0.0,2.0,65.76,,0.0
125,002360.SZ,002360,同德化工,化工原料,6.38,0.0,1.0,1.0,18.18,,0.0
126,002699.SZ,002699,美盛文化,服饰,6.4,8.0,0.0,1.0,44.3,"香港中央结算有限公司(陆股通)
浙商产融融乐资产管理(上海)有限公司",2.0
127,300420.SZ,300420,五洋停车,机械基件,6.44,8.0,0.0,1.0,35.04,"中国农业银行股份有限公司-嘉实环保低碳股票型证券投资基金
中国工商银行股份有限公司-嘉实智能汽车股票型证券投资基金",2.0
128,600075.SH,600075,新疆天业,化工原料,6.48,9.0,0.0,1.0,66.91,"万家共赢-中信银行-万家共赢安泰1号专项资产管理计划
海富通基金-民生银行-五矿信托-民生保腾投资集合资金信托计划
中国银行股份有限公司-华泰柏瑞量化先行混合型证券投资基金
景顺长城基金-工商银行-景顺长城基金工行500增强资产管理计划",4.0
129,002429.SZ,002429,兆驰股份,家用电器,6.5,3.0,1.0,1.0,324.63,"香港中央结算有限公司(陆股通)
中国建设银行股份有限公司-信达澳银新能源产业股票型证券投资基金",2.0
130,000601.SZ,000601,韶能股份,水力发电,6.51,5.0,0.0,1.0,72.35,深圳日昇创沅资产管理有限公司,1.0
131,000691.SZ,000691,亚太实业,区域地产,6.6,0.0,2.0,2.0,18.56,芜湖长元股权投资基金(有限合伙),1.0
132,002316.SZ,002316,亚联发展,软件服务,6.6,3.0,1.0,1.0,21.01,国通信托有限责任公司-国通信托·恒升318号证券投资集合资金信托计划,1.0
133,300195.SZ,300195,长荣股份,轻工机械,6.66,7.0,0.0,1.0,21.79,"鹏华资产-浦发银行-云南国际信托-云信智兴2017-237号单一资金信托
华泰柏瑞基金-民生银行-华泰柏瑞价值精选集合资产管理计划
云南国际信托有限公司-云信智兴2017-234号单一资金信托",3.0
134,002531.SZ,002531,天顺风能,电气设备,6.7,1.0,1.0,1.0,123.56,"鹏华资产-浦发银行-华宝信托-华宝-银河6号集合资金信托
全国社保基金四一八组合
中国建设银行股份有限公司-华安核心优选混合型证券投资基金
全国社保基金一一三组合
基本养老保险基金一二零八组合",5.0
135,002562.SZ,002562,兄弟科技,化学制药,6.76,7.0,0.0,2.0,40.16,"中国建设银行股份有限公司-华夏兴华混合型证券投资基金
中国国际金融香港资产管理有限公司-客户资金
中央汇金资产管理有限责任公司",3.0
136,600165.SH,600165,新日恒力,钢加工,6.8,1.0,3.0,3.0,51.64,"国通信托有限责任公司-国通信托·同洲精进2号集合资金信托计划
华鑫国际信托有限公司-华鑫信托·华鹏66号集合资金信托计划
国通信托有限责任公司-国通信托·紫金8号集合资金信托计划",3.0
137,002026.SZ,002026,山东威达,机械基件,6.84,1.0,1.0,2.0,30.67,中央汇金资产管理有限责任公司,1.0
138,601369.SH,601369,陕鼓动力,机械基件,6.84,4.0,1.0,1.0,116.35,中央汇金资产管理有限责任公司,1.0
139,000639.SZ,000639,西王食品,食品,6.86,1.0,2.0,2.0,78.9,"巨能资本管理有限公司-山东聚赢产业基金合伙企业(有限合伙)
泰达宏利基金-工商银行-泰达宏利价值成长定向增发726号
深圳市九派资本管理有限公司-九派定增1号私募股权投资基金
山东高速嵩信(天津)投资管理有限公司-山高嵩成私募股权投资基金",4.0
140,300261.SZ,300261,雅本化学,农药化肥,6.87,7.0,0.0,3.0,71.14,"华商基金-浙商银行-上海爱建信托-爱建信托欣欣14号定向增发事务管理类单一资金信托
金鹰基金-中信银行-华宝信托-华宝-中信1号单一资金信托
金元顺安基金-中信银行-中诚信托-2017年中信银行组合投资单一资金信托
中央汇金资产管理有限责任公司",4.0
141,002479.SZ,002479,富春环保,火力发电,6.88,1.0,0.0,1.0,63.43,"深圳招华城市发展股权投资基金合伙企业(有限合伙)
民生加银基金-建设银行-西南证券股份有限公司",2.0
142,600415.SH,600415,小商品城,商品城,6.89,9.0,0.0,1.0,405.52,"广发基金-农业银行-广发中证金融资产管理计划
工银瑞信基金-农业银行-工银瑞信中证金融资产管理计划
南方基金-农业银行-南方中证金融资产管理计划
中央汇金资产管理有限责任公司
中欧基金-农业银行-中欧中证金融资产管理计划
大成基金-农业银行-大成中证金融资产管理计划
博时基金-农业银行-博时中证金融资产管理计划
易方达基金-农业银行-易方达中证金融资产管理计划
嘉实基金-农业银行-嘉实中证金融资产管理计划",9.0
143,000821.SZ,000821,京山轻机,轻工机械,6.94,0.0,1.0,1.0,28.84,"天风证券-光大银行-证券行业支持民企发展系列之天风证券1号集合资产管理计划
京山京源-华创证券-19京源E1担保及信托财产专户",2.0
144,600965.SH,600965,福成股份,农业综合,6.96,9.0,0.0,1.0,58.37,中海信托股份有限公司-中海信托-福成股份员工持股计划集合资金信托,1.0
145,600678.SH,600678,四川金顶,水泥,7.06,9.0,1.0,1.0,25.72,中国建设银行股份有限公司-广发中证全指建筑材料指数型发起式证券投资基金,1.0
146,300385.SZ,300385,雪浪环境,环境保护,7.09,3.0,0.0,1.0,16.74,"中信银行股份有限公司-建信中证500指数增强型证券投资基金
中央汇金资产管理有限责任公司",2.0
147,000088.SZ,000088,盐田港,港口,7.11,8.0,1.0,1.0,125.47,"广发基金-农业银行-广发中证金融资产管理计划
南方基金-农业银行-南方中证金融资产管理计划
中央汇金资产管理有限责任公司
中欧基金-农业银行-中欧中证金融资产管理计划
大成基金-农业银行-大成中证金融资产管理计划
银华基金-农业银行-银华中证金融资产管理计划
博时基金-农业银行-博时中证金融资产管理计划
易方达基金-农业银行-易方达中证金融资产管理计划
嘉实基金-农业银行-嘉实中证金融资产管理计划",9.0
148,300086.SZ,300086,康芝药业,化学制药,7.12,0.0,1.0,3.0,28.18,云南国际信托有限公司-聚鑫2026号集合资金信托计划,1.0
149,600458.SH,600458,时代新材,塑料,7.18,3.0,1.0,1.0,61.9,中央汇金资产管理有限责任公司,1.0
150,300040.SZ,300040,九洲集团,电气设备,7.21,0.0,1.0,1.0,17.89,中央汇金资产管理有限责任公司,1.0
151,601928.SH,601928,凤凰传媒,出版业,7.24,3.0,1.0,1.0,191.12,"天达资产管理有限公司-天达环球策略基金-全中国股票基金(交易所)
广发基金-农业银行-广发中证金融资产管理计划
凤凰集团-华泰联合证券-16凤凰EB担保及信托财产专户
基本养老保险基金一零零三组合
全国社保基金四一三组合
中央汇金资产管理有限责任公司
全国社保基金一零一组合
中国农业银行股份有限公司-中证500交易型开放式指数证券投资基金",8.0
152,601222.SH,601222,林洋能源,电器仪表,7.26,1.0,1.0,2.0,132.74,"基本养老保险基金一六零三一组合
全国社保基金四一三组合
中国长城资产管理股份有限公司",3.0
153,300528.SZ,300528,幸福蓝海,影视音像,7.28,8.0,1.0,1.0,16.2,"中国农业银行股份有限公司-华安智能生活混合型证券投资基金
中国银行股份有限公司-华安成长创新混合型证券投资基金
中国工商银行股份有限公司-华安媒体互联网混合型证券投资基金
江苏紫金文化产业发展基金(有限合伙)",4.0
154,300591.SZ,300591,万里马,服饰,7.3,1.0,0.0,1.0,14.59,,0.0
155,603299.SH,603299,苏盐井神,化工原料,7.3,1.0,0.0,1.0,45.03,,0.0
156,002105.SZ,002105,信隆健康,文教休闲,7.37,4.0,0.0,2.0,28.85,"广发证券股份有限公司-中庚小盘价值股票型证券投资基金
华泰证券股份有限公司-中庚价值领航混合型证券投资基金
平安银行股份有限公司-中庚价值灵动灵活配置混合型证券投资基金",3.0
157,000635.SZ,000635,英力特,化工原料,7.43,7.0,0.0,1.0,23.37,,0.0
158,300324.SZ,300324,旋极信息,软件服务,7.44,1.0,1.0,2.0,99.94,"香港中央结算有限公司(陆股通)
北京达麟投资管理有限公司-北京汇达高新投资基金中心(有限合伙)
中国工商银行股份有限公司-易方达创业板交易型开放式指数证券投资基金",3.0
159,601798.SH,601798,蓝科高新,化工机械,7.48,2.0,1.0,3.0,28.75,,0.0
160,601168.SH,601168,西部矿业,铜,7.48,1.0,0.0,1.0,184.92,"中国农业银行股份有限公司-中证500交易型开放式指数证券投资基金
海通资管-民生-海通海汇系列-星石1号集合资产管理计划
中央汇金资产管理有限责任公司
中国对外经济贸易信托有限公司-新股C1",4.0
161,000421.SZ,000421,南京公用,供气供热,7.5,2.0,2.0,6.0,47.7,,0.0
162,600706.SH,600706,曲江文旅,旅游服务,7.5,7.0,0.0,1.0,16.35,,0.0
163,600858.SH,600858,银座股份,百货,7.51,9.0,1.0,1.0,43.16,中国东方资产管理股份有限公司,1.0
164,603007.SH,603007,花王股份,建筑工程,7.59,1.0,1.0,2.0,26.94,香港中央结算有限公司(陆股通),1.0
165,601999.SH,601999,出版传媒,出版业,7.6,2.0,1.0,1.0,46.5,"领航投资澳洲有限公司-领航新兴市场股指基金(交易所)
中央汇金资产管理有限责任公司",2.0
166,600879.SH,600879,航天电子,航空,7.6,1.0,1.0,1.0,213.19,"中国建设银行股份有限公司-富国中证军工指数分级证券投资基金
中国建设银行股份有限公司-富国中证军工龙头交易型开放式指数证券投资基金
中国建设银行股份有限公司-鹏华中证国防指数分级证券投资基金",3.0
167,600606.SH,600606,绿地控股,全国地产,7.69,5.0,0.0,2.0,935.73,"香港中央结算有限公司(陆股通)
全国社保基金四一二组合
中国工商银行股份有限公司-中证上海国企交易型开放式指数证券投资基金",3.0
168,000962.SZ,000962,东方钽业,小金属,7.7,8.0,0.0,1.0,35.49,中央汇金资产管理有限责任公司,1.0
169,002570.SZ,002570,贝因美,乳制品,7.77,1.0,1.0,1.0,82.21,长城(德阳)长弘投资基金合伙企业(有限合伙),1.0
170,300199.SZ,300199,翰宇药业,化学制药,7.77,0.0,2.0,2.0,41.48,"中国华融资产管理股份有限公司
深圳市投控资本有限公司-深圳投控共赢股权投资基金合伙企业(有限合伙)
中央汇金资产管理有限责任公司
红土创新基金-广发证券-中国华融资产管理股份有限公司",4.0
171,000819.SZ,000819,岳阳兴长,石油加工,7.8,8.0,0.0,1.0,24.17,,0.0
172,002634.SZ,002634,棒杰股份,服饰,7.83,0.0,0.0,2.0,24.43,中央汇金资产管理有限责任公司,1.0
173,002532.SZ,002532,新界泵业,农用机械,7.84,8.0,0.0,1.0,35.76,,0.0
174,000030.SZ,000030,富奥股份,汽车配件,7.87,3.0,0.0,1.0,145.89,"工银瑞信基金-农业银行-工银瑞信中证金融资产管理计划
南方基金-农业银行-南方中证金融资产管理计划
中央汇金资产管理有限责任公司
中欧基金-农业银行-中欧中证金融资产管理计划
博时基金-农业银行-博时中证金融资产管理计划",5.0
175,300208.SZ,300208,青岛中程,电气设备,7.93,0.0,2.0,2.0,46.13,"宁波梅山保税港区荟金投资管理有限公司-荟金2号私募证券投资基金
宁波梅山保税港区荟金投资管理有限公司-荟金1号私募证券投资基金",2.0
176,000759.SZ,000759,中百集团,超市连锁,7.95,0.0,1.0,2.0,49.21,"长江证券-工商银行-长江证券超越理财宝6号集合资产管理计划
全国社保基金一零三组合",2.0
177,000698.SZ,000698,沈阳化工,化工原料,7.97,7.0,1.0,4.0,59.4,"领航投资澳洲有限公司-领航新兴市场股指基金(交易所)
中央汇金资产管理有限责任公司",2.0
178,000529.SZ,000529,广弘控股,食品,8.0,9.0,0.0,1.0,46.9,,0.0
179,300364.SZ,300364,中文在线,出版业,8.01,7.0,0.0,2.0,56.05,,0.0
180,600712.SH,600712,南宁百货,百货,8.01,0.0,2.0,3.0,39.19,浙江九章资产管理有限公司-幻方星月石7号私募基金,1.0
181,300213.SZ,300213,佳讯飞鸿,通信设备,8.01,1.0,1.0,3.0,46.83,,0.0
182,300013.SZ,300013,新宁物流,仓储物流,8.02,9.0,0.0,1.0,35.71,"上海迎水投资管理有限公司-迎水通怡1号私募证券投资基金
上海禛瑛投资管理有限公司-禛瑛稳健2号私募投资基金",2.0
183,000525.SZ,000525,红太阳,农药化肥,8.03,8.0,0.0,1.0,49.35,中央汇金资产管理有限责任公司,1.0
184,603015.SH,603015,弘讯科技,电气设备,8.06,0.0,1.0,1.0,30.92,,0.0
185,300318.SZ,300318,博晖创新,医疗保健,8.06,0.0,1.0,1.0,53.11,中央汇金资产管理有限责任公司,1.0
186,002137.SZ,002137,麦达数字,通信设备,8.06,3.0,1.0,1.0,31.85,,0.0
187,603128.SH,603128,华贸物流,仓储物流,8.09,8.0,1.0,2.0,90.17,"香港中央结算有限公司(陆股通)
珠海回声资产管理有限公司-回声1号私募基金",2.0
188,000612.SZ,000612,焦作万方,铝,8.12,8.0,1.0,1.0,102.19,"中央汇金资产管理有限责任公司
焦作通财创业投资有限责任公司-焦作通财创新创业投资基金(有限合伙)",2.0
189,000829.SZ,000829,天音控股,其他商业,8.16,2.0,2.0,2.0,80.5,"阳光资产-工商银行-主动配置三号资产管理产品
香港中央结算有限公司(陆股通)
中央汇金资产管理有限责任公司
北京国际信托有限公司
阳光资管-工商银行-阳光资产-积极配置3号资产管理产品",5.0
190,600618.SH,600618,氯碱化工,化工原料,8.18,6.0,0.0,2.0,64.41,中央汇金资产管理有限责任公司,1.0
191,603099.SH,603099,长白山,旅游景点,8.18,7.0,0.0,1.0,22.8,中国华融资产管理股份有限公司,1.0
192,300345.SZ,300345,华民股份,钢加工,8.19,8.0,1.0,1.0,38.13,珠海回声资产管理有限公司-回声1号私募基金,1.0
193,300323.SZ,300323,华灿光电,半导体,8.23,3.0,0.0,2.0,70.72,上海虎铂新能股权投资基金合伙企业(有限合伙),1.0
194,300426.SZ,300426,唐德影视,影视音像,8.24,9.0,0.0,1.0,22.22,,0.0
195,300083.SZ,300083,创世纪,元器件,8.25,2.0,2.0,3.0,109.5,中国建设银行股份有限公司-信达澳银新能源产业股票型证券投资基金,1.0
196,601636.SH,601636,旗滨集团,玻璃,8.28,2.0,1.0,2.0,246.86,"中信证券股份有限公司-社保基金1106组合
招商银行股份有限公司-上证红利交易型开放式指数证券投资基金
香港中央结算有限公司(陆股通)
全国社保基金四一八组合
基本养老保险基金三一零组合
中信证券-中信银行-中信证券卓越成长股票集合资产管理计划
全国社保基金一一四组合",7.0
197,002563.SZ,002563,森马服饰,服饰,8.3,1.0,2.0,2.0,158.41,全国社保基金一一一组合,1.0
198,000848.SZ,000848,承德露露,软饮料,8.3,3.0,0.0,1.0,94.92,"中国工商银行-富国中证红利指数增强型证券投资基金
香港中央结算有限公司(陆股通)
中信信托有限责任公司-中信信托锐进43期高毅晓峰投资集合资金信托计划
全国社保基金四一三组合
基本养老保险基金一一零一组合
中央汇金资产管理有限责任公司
全国社保基金六零四组合
中国农业银行股份有限公司-中证500交易型开放式指数证券投资基金",8.0
199,601901.SH,601901,方正证券,证券,8.36,4.0,1.0,1.0,727.72,"香港中央结算有限公司(陆股通)
中国建设银行股份有限公司-国泰中证全指证券公司交易型开放式指数证券投资基金
中央汇金资产管理有限责任公司
中欧基金-农业银行-中欧中证金融资产管理计划
银华基金-农业银行-银华中证金融资产管理计划
博时基金-农业银行-博时中证金融资产管理计划
嘉实基金-农业银行-嘉实中证金融资产管理计划",7.0
200,603758.SH,603758,秦安股份,汽车配件,8.38,2.0,0.0,1.0,38.83,上海兰丞秦安股权投资基金合伙企业(有限合伙),1.0
201,000505.SZ,000505,京粮控股,食品,8.39,8.0,0.0,1.0,35.25,"鑫牛润瀛(天津)股权投资基金管理有限公司-鑫牛润瀛(天津)股权投资基金合伙企业(有限合伙)
招商基金-国新投资有限公司-招商基金-国新1号单一资产管理计划",2.0
202,000610.SZ,000610,西安旅游,旅游服务,8.41,7.0,0.0,1.0,20.7,,0.0
203,002561.SZ,002561,徐家汇,百货,8.52,8.0,0.0,1.0,35.23,中央汇金资产管理有限责任公司,1.0
204,000893.SZ,000893,东凌国际,食品,8.55,2.0,2.0,3.0,34.18,,0.0
205,603603.SH,603603,博天环境,环境保护,8.55,2.0,1.0,1.0,23.92,"香港中央结算有限公司(陆股通)
国投创新(北京)投资基金有限公司
上海复星创富股权投资基金合伙企业(有限合伙)",3.0
206,002295.SZ,002295,精艺股份,铜,8.6,1.0,1.0,1.0,23.92,芜湖长元股权投资基金(有限合伙),1.0
207,300334.SZ,300334,津膜科技,专用机械,8.65,4.0,0.0,2.0,25.58,中央汇金资产管理有限责任公司,1.0
208,600136.SH,600136,当代文体,影视音像,8.66,3.0,1.0,1.0,44.4,"全国社保基金一零六组合
全国社保基金一零二组合",2.0
209,002713.SZ,002713,东易日盛,装修装饰,8.67,7.0,0.0,2.0,37.48,"中国建设银行股份有限公司-中欧价值发现股票型证券投资基金
中国工商银行股份有限公司-中欧潜力价值灵活配置混合型证券投资基金
招商银行股份有限公司-中欧恒利三年定期开放混合型证券投资基金
中央汇金资产管理有限责任公司",4.0
210,000566.SZ,000566,海南海药,化学制药,8.7,7.0,0.0,3.0,116.38,"云南国际信托有限公司-聚利36号单一资金信托
泰达宏利基金-浦发银行-粤财信托-粤财信托·浦发绚丽2号结构化集合资金信托计划
国通信托有限责任公司-国通信托·方泰1号集合资金信托计划
金元顺安基金-农业银行-杭州通武投资管理合伙企业(有限合伙)",4.0
211,300081.SZ,300081,恒信东方,文教休闲,8.78,8.0,0.0,1.0,33.88,"金鹰基金-工商银行-万向信托-万向信托-星辰50号事务管理类单一资金信托
交通银行股份有限公司-浦银安盛增长动力灵活配置混合型证券投资基金",2.0
212,002112.SZ,002112,三变科技,电气设备,8.8,8.0,0.0,1.0,18.59,中央汇金资产管理有限责任公司,1.0
213,300490.SZ,300490,华自科技,电气设备,8.81,8.0,0.0,1.0,21.25,"江苏新华沣裕资本管理有限公司-新华·沣裕1号私募投资基金
玄元(横琴)股权投资有限公司-玄元横琴3号私募股权投资基金
上海含德股权投资基金管理有限公司-含德盛世2号定增投资私募基金",3.0
214,600054.SH,600054,黄山旅游,旅游景点,8.81,7.0,0.0,1.0,46.09,,0.0
215,600596.SH,600596,新安股份,化工原料,8.84,4.0,1.0,1.0,62.85,"上海迎水投资管理有限公司-迎水钱塘1号私募证券投资基金
香港中央结算有限公司(陆股通)
中央汇金资产管理有限责任公司
上海迎水投资管理有限公司-迎水钱塘2号私募证券投资基金",4.0
216,300241.SZ,300241,瑞丰光电,半导体,8.84,3.0,1.0,2.0,39.19,"福建省安芯投资管理有限责任公司-福建省安芯产业投资基金合伙企业(有限合伙)
深圳前海华银创富资产管理有限公司-华银成长1期私募基金
中央汇金资产管理有限责任公司
前海方舟资产管理有限公司",4.0
217,603959.SH,603959,百利科技,建筑工程,8.9,8.0,1.0,1.0,40.96,"上海淮矿资产管理有限公司
香港中央结算有限公司(陆股通)
盈科创新资产管理有限公司
国通信托有限责任公司-国通信托·百华1号证券投资单一资金信托
陕西金资基金管理有限公司-陕西铜川金锂产业发展基金(有限合伙)
吉林成朴丰祥股权投资基金合伙企业(有限合伙)
吉林雨田股权投资基金合伙企业(有限合伙)",7.0
218,600435.SH,600435,北方导航,专用机械,8.9,1.0,1.0,1.0,136.27,"中国建设银行股份有限公司-富国中证军工龙头交易型开放式指数证券投资基金
中央汇金资产管理有限责任公司
中兵投资-广发证券-17中兵EB担保及信托财产专户
中国农业银行股份有限公司-中证500交易型开放式指数证券投资基金
中国农业银行股份有限公司-华夏中证央企结构调整交易型开放式指数证券投资基金",5.0
219,603399.SH,603399,吉翔股份,小金属,8.95,9.0,0.0,1.0,42.37,"陕西省国际信托股份有限公司-陕国投·持盈35号证券投资集合资金信托计划
华信万达期货股份有限公司-陕西省国际信托股份有限公司-陕国投·聚宝盆66号证券投资集合资金信托计划",2.0
220,600620.SH,600620,天宸股份,综合类,8.97,1.0,1.0,1.0,64.0,深圳市诚和昌投资发展有限公司-诚和昌鸿基成长1号私募证券投资基金,1.0
221,300092.SZ,300092,科新机电,专用机械,8.97,7.0,0.0,1.0,14.95,中央汇金资产管理有限责任公司,1.0
222,603318.SH,603318,派思股份,专用机械,9.01,9.0,0.0,1.0,35.75,"太平资管-招商银行-粤财信托-定增宝1号基金集合资金信托计划
中意资管-招商银行-中意资产-招商银行-定增精选48号资产管理产品",2.0
223,603901.SH,603901,永创智能,专用机械,9.08,1.0,1.0,1.0,40.85,"诺德基金-招商银行-诺德基金千金111号特定客户资产管理计划
诺德基金-招商银行-诺德基金千金134号特定客户资产管理计划
深圳前海银湖资本有限公司-银湖麒麟2号私募证券投资基金",3.0
224,600116.SH,600116,三峡水利,水力发电,9.09,9.0,0.0,1.0,94.34,"基本养老保险基金一零零三组合
全国社保基金一零七组合",2.0
225,600230.SH,600230,沧州大化,农药化肥,9.12,9.0,0.0,1.0,39.33,"香港中央结算有限公司(陆股通)
北京磐沣投资管理合伙企业(有限合伙)-磐沣嘉利私募证券投资基金
中央汇金资产管理有限责任公司",3.0
226,300412.SZ,300412,迦南科技,医疗保健,9.15,8.0,0.0,1.0,20.83,"北信瑞丰基金-平安银行-北信瑞丰基金浙商汇融5号资产管理计划
中央汇金资产管理有限责任公司",2.0
227,603003.SH,603003,龙宇燃油,石油贸易,9.19,8.0,0.0,1.0,40.57,"财通基金-工商银行-投乐定增6号资产管理计划
平安大华基金-平安银行-北京恒宇天泽投资管理有限公司
九泰基金-中信证券-陆家嘴信托-陆家嘴信托-鸿泰5号集合资金信托计划",3.0
228,002235.SZ,002235,安妮股份,互联网,9.28,2.0,1.0,1.0,49.53,,0.0
229,002730.SZ,002730,电光科技,电气设备,9.28,2.0,0.0,1.0,27.62,,0.0
230,603177.SH,603177,德创环保,环境保护,9.33,4.0,0.0,1.0,20.38,,0.0
231,600178.SH,600178,东安动力,汽车配件,9.34,0.0,5.0,6.0,39.23,广东泓骐私募证券投资基金管理有限公司-泓骐稳进1号私募证券投资基金,1.0
232,000426.SZ,000426,兴业矿业,铅锌,9.39,1.0,1.0,1.0,153.73,"北信瑞丰基金-民生银行-四川信托-辰星2号证券投资集合资金信托计划
上海中汇金锐投资管理有限公司-中汇金锐定增2期私募投资基金",2.0
233,000019.SZ,000019,深粮控股,其他商业,9.41,8.0,0.0,1.0,39.79,"上海高毅资产管理合伙企业(有限合伙)-高毅邻山1号远望基金
香港中央结算有限公司(陆股通)
中央汇金资产管理有限责任公司",3.0
234,600797.SH,600797,浙大网新,软件服务,9.46,2.0,1.0,1.0,101.56,"全国社保基金一零三组合
中央汇金资产管理有限责任公司",2.0
235,600749.SH,600749,西藏旅游,旅游景点,9.46,7.0,0.0,1.0,22.95,,0.0
236,600551.SH,600551,时代出版,出版业,9.52,8.0,0.0,1.0,50.48,中央汇金资产管理有限责任公司,1.0
237,002221.SZ,002221,东华能源,石油贸易,9.6,9.0,0.0,1.0,155.01,"金鹰基金-浦发银行-渤海信托-渤海信托科闻1号单一资金信托
天津祎童源资产管理有限公司-祎童源汇财一号私募投资基金
深圳亿库资本管理有限公司-亿库创赢一号私募投资基金",3.0
238,002205.SZ,002205,国统股份,其他建材,9.66,8.0,0.0,1.0,19.01,"上海存溢投资管理有限公司-金存智选多策略混合型私募投资基金
中央汇金资产管理有限责任公司",2.0
239,000058.SZ,000058,深赛格,元器件,9.67,9.0,0.0,1.0,52.19,,0.0
240,002423.SZ,002423,中粮资本,多元金融,9.7,7.0,0.0,1.0,52.01,"香港中央结算有限公司(陆股通)
南方工业资产管理有限责任公司
中央汇金资产管理有限责任公司",3.0
241,300446.SZ,300446,乐凯新材,化工原料,9.74,4.0,0.0,1.0,19.81,中央汇金资产管理有限责任公司,1.0
242,603398.SH,603398,邦宝益智,文教休闲,9.75,1.0,0.0,1.0,30.88,,0.0
243,002560.SZ,002560,通达股份,电气设备,9.84,1.0,1.0,2.0,30.86,"华泰证券资管-南京银行-华泰远见1号集合资产管理计划
深圳前海粤资基金管理有限公司-粤资价值成长10号证券投资私募基金
河南超赢投资有限公司-超赢创赢19号私募投资基金
河南超赢投资有限公司-超赢创赢30号私募投资基金",4.0
244,002385.SZ,002385,大北农,饲料,9.87,8.0,0.0,1.0,282.53,"现代种业发展基金有限公司
工银瑞信基金-农业银行-工银瑞信中证金融资产管理计划
香港中央结算有限公司(陆股通)
中央汇金资产管理有限责任公司
中国农业银行股份有限公司-银华内需精选混合型证券投资基金(LOF)",5.0
245,002413.SZ,002413,雷科防务,通信设备,9.92,0.0,1.0,1.0,102.18,"五矿国际信托有限公司-五矿信托-恒信日鑫8号-中原强兵证券投资集合资金信托计划
中国银行股份有限公司-国泰CES半导体行业交易型开放式指数证券投资基金
华融华侨资产管理股份有限公司
中国建设银行股份有限公司-富国中证军工指数分级证券投资基金",4.0
246,000524.SZ,000524,岭南控股,酒店餐饮,9.92,5.0,1.0,6.0,69.56,,0.0
247,002655.SZ,002655,共达电声,元器件,9.93,5.0,0.0,1.0,35.68,"中国工商银行-华安中小盘成长混合型证券投资基金
中国工商银行股份有限公司-华商新锐产业灵活配置混合型证券投资基金
中国农业银行股份有限公司-华安智能装备主题股票型证券投资基金
中信信托有限责任公司-中信信托成泉汇涌八期金融投资集合资金信托计划",4.0
248,600291.SH,600291,西水股份,保险,9.93,6.0,0.0,1.0,116.74,"雪松国际信托股份有限公司
深圳平安大华汇通财富-包商银行-中融国际信托-中融-融珲30号单一资金信托",2.0
249,600418.SH,600418,江淮汽车,汽车整车,10.04,9.0,0.0,1.0,189.14,"申万菱信基金-招商银行-华润深国投信托-华润信托·博荟13号集合资金信托计划
安徽省铁路发展基金股份有限公司
华润深国投信托有限公司-华润信托·昀沣9号集合资金信托计划",3.0
250,603106.SH,603106,恒银科技,IT设备,10.05,1.0,1.0,1.0,18.69,,0.0
251,300095.SZ,300095,华伍股份,机械基件,10.25,1.0,1.0,1.0,30.82,华宝信托有限责任公司-大地32号单一资金信托,1.0
252,002024.SZ,002024,苏宁易购,电器连锁,10.29,8.0,0.0,1.0,854.49,"香港中央结算有限公司(陆股通)
中央汇金资产管理有限责任公司",2.0
253,002726.SZ,002726,龙大肉食,食品,10.38,9.0,0.0,1.0,105.39,中央汇金资产管理有限责任公司,1.0
254,002457.SZ,002457,青龙管业,塑料,10.38,8.0,0.0,2.0,38.48,中央汇金资产管理有限责任公司,1.0
255,600723.SH,600723,首商股份,百货,10.47,7.0,0.0,2.0,76.53,"领航投资澳洲有限公司-领航新兴市场股指基金(交易所)
中国工商银行股份有限公司-广发睿阳三年定期开放混合型证券投资基金
基本养老保险基金八零五组合
中央汇金资产管理有限责任公司",4.0
256,300527.SZ,300527,中船应急,专用机械,10.5,8.0,0.0,1.0,97.05,"中国建设银行股份有限公司-富国中证军工指数分级证券投资基金
中国建设银行股份有限公司-富国中证军工龙头交易型开放式指数证券投资基金
全国社会保障基金理事会转持二户",3.0
257,002367.SZ,002367,康力电梯,运输设备,10.5,1.0,0.0,1.0,58.77,"易方达基金-工商银行-外贸信托-外贸信托·稳富FOF单一资金信托
香港中央结算有限公司(陆股通)
易方达基金-工商银行-易方达基金臻选2号资产管理计划
芜湖长元股权投资基金(有限合伙)
中国建设银行股份有限公司-大成中证红利指数证券投资基金
中国工商银行-富国中证红利指数增强型证券投资基金",6.0
258,603421.SH,603421,鼎信通讯,通信设备,10.61,7.0,0.0,1.0,71.11,,0.0
259,300088.SZ,300088,长信科技,元器件,10.7,9.0,0.0,1.0,268.61,"中国建设银行股份有限公司-华安创业板50交易型开放式指数证券投资基金
中国工商银行-南方绩优成长股票型证券投资基金
香港中央结算有限公司(陆股通)
全国社保基金四一八组合
中央汇金资产管理有限责任公司
全国社保基金一零一组合
中国工商银行股份有限公司-易方达创业板交易型开放式指数证券投资基金
中国农业银行股份有限公司-中证500交易型开放式指数证券投资基金",8.0
260,002084.SZ,002084,海鸥住工,家居用品,10.72,1.0,1.0,1.0,63.37,"泰达宏利基金-民生银行-天津信托-天津信托·优选定增3号集合资金信托计划
金元顺安基金-民生银行-天津信托-天津信托·美克优选定增10号集合资金信托计划
上海齐泓股权投资基金合伙企业(有限合伙)
中国光大银行股份有限公司-兴全商业模式优选混合型证券投资基金(LOF)",4.0
261,603701.SH,603701,德宏股份,汽车配件,10.76,1.0,1.0,1.0,30.03,,0.0
262,000153.SZ,000153,丰原药业,化学制药,10.78,1.0,2.0,4.0,37.37,,0.0
263,002772.SZ,002772,众兴菌业,种植业,10.8,1.0,0.0,1.0,28.44,"安徽中安资本投资基金有限公司
甘肃资产管理有限公司
安徽省铁路发展基金股份有限公司
农银汇理(上海)资产-农业银行-华宝信托-投资【6】号集合资金信托计划",4.0
264,002828.SZ,002828,贝肯能源,石油开采,10.85,2.0,1.0,1.0,15.96,,0.0
265,600884.SH,600884,杉杉股份,综合类,10.87,9.0,0.0,1.0,190.15,"中国建设银行股份有限公司-富国中证新能源汽车指数分级证券投资基金
中国银行股份有限公司-华夏中证新能源汽车交易型开放式指数证券投资基金
中央汇金资产管理有限责任公司",3.0
266,000156.SZ,000156,华数传媒,影视音像,10.93,3.0,1.0,1.0,147.23,"中国农业银行股份有限公司-中邮核心成长混合型证券投资基金
全国社保基金六零四组合
中国农业银行股份有限公司-中邮信息产业灵活配置混合型证券投资基金
中央汇金资产管理有限责任公司",4.0
267,002197.SZ,002197,证通电子,电器仪表,10.93,9.0,1.0,1.0,51.64,中国农业银行股份有限公司-诺安高端制造股票型证券投资基金,1.0
268,300103.SZ,300103,达刚控股,工程机械,10.96,0.0,1.0,1.0,26.05,"桐乡市东英股权投资基金管理合伙企业(有限合伙)
中央汇金资产管理有限责任公司",2.0
269,600285.SH,600285,羚锐制药,中成药,10.96,1.0,1.0,1.0,65.18,"上海高毅资产管理合伙企业(有限合伙)-高毅邻山1号远望基金
中国建设银行股份有限公司-华夏医疗健康混合型发起式证券投资基金
香港中央结算有限公司(陆股通)
方正证券-宁波银行-民族-羚锐小羚羊资产管理计划
中国工商银行股份有限公司-诺安先锋混合型证券投资基金",5.0
270,002159.SZ,002159,三特索道,旅游服务,11.01,7.0,0.0,1.0,15.66,"中国工商银行-国联安德盛小盘精选证券投资基金
中国工商银行股份有限公司-东方红新动力灵活配置混合型证券投资基金
招商银行股份有限公司-东方红京东大数据灵活配置混合型证券投资基金",3.0
271,600975.SH,600975,新五丰,农业综合,11.03,8.0,0.0,1.0,71.73,"香港中央结算有限公司(陆股通)
陕西省国际信托股份有限公司-陕国投·得壹五丰证券投资集合资金信托计划",2.0
272,002548.SZ,002548,金新农,饲料,11.11,1.0,0.0,3.0,57.8,,0.0
273,600956.SH,600956,新天绿能,新型电力,11.14,7.0,0.0,3.0,15.55,,0.0
274,002679.SZ,002679,福建金森,林业,11.33,8.0,0.0,2.0,25.72,,0.0
275,000830.SZ,000830,鲁西化工,农药化肥,11.37,2.0,1.0,1.0,172.91,"中国建设银行股份有限公司-易方达中证国企一带一路交易型开放式指数证券投资基金
香港中央结算有限公司(陆股通)
全国社保基金一一七组合
中央汇金资产管理有限责任公司
中国银行股份有限公司-富国中证国企一带一路交易型开放式指数证券投资基金
中国农业银行股份有限公司-中证500交易型开放式指数证券投资基金",6.0
276,603488.SH,603488,展鹏科技,电气设备,11.4,0.0,2.0,6.0,30.25,,0.0
277,600051.SH,600051,宁波联合,综合类,11.4,8.0,0.0,1.0,38.02,ACADIAN资产管理有限责任公司-ACADIAN中国A股股票主基金(交易所),1.0
278,002567.SZ,002567,唐人神,饲料,11.41,8.0,0.0,1.0,86.22,"香港中央结算有限公司(陆股通)
湖南省资产管理有限公司
诺安基金-兴业银行-江海证券有限公司",3.0
279,002163.SZ,002163,海南发展,装修装饰,11.41,4.0,0.0,2.0,98.26,"中航基金-浙商银行-中航基金同达1号资产管理计划
华润深国投信托有限公司-华润信托·鸿道聚利集合资金信托计划
中国对外经济贸易信托有限公司-鸿道3期",3.0
280,601952.SH,601952,苏垦农发,种植业,11.58,8.0,0.0,1.0,162.74,"广发证券股份有限公司-大成睿景灵活配置混合型证券投资基金
中国建设银行股份有限公司-南方品质优选灵活配置混合型证券投资基金
香港中央结算有限公司(陆股通)
中国对外经济贸易信托有限公司-淡水泉精选1期
中国对外经济贸易信托有限公司-外贸信托-淡水泉精选3期私募证券投资基金
平安信托有限责任公司-平安财富.淡水泉成长一期集合资金信托
淡水泉(北京)投资管理有限公司-淡水泉成长基金1期
平安信托有限责任公司-投资精英之淡水泉
淡水泉(北京)投资管理有限公司-淡水泉成长7期私募基金",9.0
281,002298.SZ,002298,中电兴发,软件服务,11.61,0.0,2.0,2.0,58.0,"云泽投资管理(天津)有限公司-云泽投资1号私募证券投资基金
平安大华基金-平安银行-安徽高新招商致远二期股权投资基金(有限合伙)
广西铁路发展投资基金(有限合伙)",3.0
282,300120.SZ,300120,经纬辉开,元器件,11.65,0.0,5.0,5.0,25.09,"广发基金-农业银行-广发中证金融资产管理计划
工银瑞信基金-农业银行-工银瑞信中证金融资产管理计划
华夏基金-农业银行-华夏中证金融资产管理计划
南方基金-农业银行-南方中证金融资产管理计划
中央汇金资产管理有限责任公司
中欧基金-农业银行-中欧中证金融资产管理计划
大成基金-农业银行-大成中证金融资产管理计划
银华基金-农业银行-银华中证金融资产管理计划
博时基金-农业银行-博时中证金融资产管理计划
易方达基金-农业银行-易方达中证金融资产管理计划
嘉实基金-农业银行-嘉实中证金融资产管理计划",11.0
283,603928.SH,603928,兴业股份,化工原料,11.74,9.0,0.0,1.0,24.41,,0.0
284,600176.SH,600176,中国巨石,玻璃,11.75,4.0,1.0,1.0,409.42,"香港中央结算有限公司(陆股通)
基本养老保险基金一零零三组合
中央汇金资产管理有限责任公司
基本养老保险基金八零二组合
全国社保基金一零一组合
招商银行股份有限公司-兴全合泰混合型证券投资基金
全国社保基金一一三组合
基本养老保险基金八零八组合",8.0
285,600184.SH,600184,光电股份,专用机械,11.75,1.0,1.0,1.0,63.04,"汇添富基金-宁波银行-汇添富-光电制导1号资产管理计划
中兵投资-广发证券-17中兵EB担保及信托财产专户",2.0
286,300339.SZ,300339,润和软件,软件服务,11.77,2.0,2.0,2.0,95.73,"香港中央结算有限公司(陆股通)
南京国资混改基金有限公司
泰达宏利基金-平安银行-厦门信托-厦门信托-财富共赢27号单一资金信托
服务贸易创新发展引导基金(有限合伙)",4.0
287,300358.SZ,300358,楚天科技,医疗保健,11.78,1.0,1.0,2.0,54.2,"湖南省资产管理有限公司
西藏德传投资管理有限公司-德传附子证券投资基金
鹏华资产-兴业银行-鹏华资产德传医疗资产管理计划
中央汇金资产管理有限责任公司
中投天琪期货-浙商金汇信托股份有限公司-浙金·浦发-津杉-国泰定增1号集合资金信托计划",5.0
288,600580.SH,600580,卧龙电驱,电气设备,11.99,9.0,1.0,1.0,165.94,光大保德信基金-建设银行-光大卧龙战略投资资产管理计划,1.0
289,000756.SZ,000756,新华制药,化学制药,11.99,1.0,1.0,1.0,49.22,"香港中央结算有限公司(陆股通)
中国工商银行股份有限公司-华安逆向策略混合型证券投资基金
中国工商银行-浦银安盛价值成长混合型证券投资基金
中国建设银行股份有限公司-华安沪港深外延增长灵活配置混合型证券投资基金
中国工商银行股份有限公司-诺安灵活配置混合型证券投资基金
交通银行股份有限公司-浦银安盛增长动力灵活配置混合型证券投资基金
中国建设银行股份有限公司-长城消费增值混合型证券投资基金",7.0
290,600283.SH,600283,钱江水利,水务,12.08,8.0,0.0,2.0,46.56,,0.0
291,300248.SZ,300248,新开普,软件服务,12.17,2.0,1.0,1.0,43.87,"全国社保基金一零一组合
中国建设银行股份有限公司-鹏华价值优势混合型证券投资基金(LOF)
基本养老保险基金八零八组合",3.0
292,002582.SZ,002582,好想你,食品,12.17,8.0,0.0,1.0,50.75,"全国社保基金五零四组合
上海高毅资产管理合伙企业(有限合伙)-高毅邻山1号远望基金
全国社保基金一零五组合
全国社保基金六零三组合
北京中文安赐股权投资基金管理中心(有限合伙)",5.0
293,002625.SZ,002625,光启技术,汽车配件,12.25,0.0,1.0,1.0,138.3,,0.0
294,603617.SH,603617,君禾股份,专用机械,12.31,8.0,0.0,1.0,25.12,,0.0
295,600833.SH,600833,第一医药,医药商业,12.34,9.0,0.0,1.0,29.09,,0.0
296,600111.SH,600111,北方稀土,小金属,12.34,1.0,1.0,1.0,473.39,"香港中央结算有限公司(陆股通)
中国建设银行股份有限公司-国泰国证有色金属行业指数分级证券投资基金
中央汇金资产管理有限责任公司
易方达基金-工商银行-外贸信托-外贸信托·稳富FOF单一资金信托",4.0
297,300536.SZ,300536,农尚环境,建筑工程,12.36,2.0,0.0,2.0,27.79,上海盈嘉信投资管理合伙企业(有限合伙)-盈嘉信1号私募证券投资基金,1.0
298,002208.SZ,002208,合肥城建,区域地产,12.46,8.0,1.0,3.0,68.81,宁波梅山保税港区龙悦投资管理有限公司-佳然一号私募证券投资基金,1.0
299,600095.SH,600095,哈高科,证券,12.5,9.0,0.0,1.0,49.06,,0.0
300,000503.SZ,000503,国新健康,医疗保健,12.7,3.0,1.0,1.0,123.05,香港中央结算有限公司(陆股通),1.0
301,300286.SZ,300286,安科瑞,电器仪表,12.72,1.0,1.0,1.0,22.51,中央汇金资产管理有限责任公司,1.0
302,002835.SZ,002835,同为股份,元器件,12.72,2.0,1.0,1.0,15.82,"兴业证券股份有限公司-博道久航混合型证券投资基金
中国建设银行股份有限公司-博道伍佰智航股票型证券投资基金
中国国际金融香港资产管理有限公司-客户资金",3.0
303,600127.SH,600127,金健米业,农业综合,12.72,8.0,0.0,2.0,79.65,湖南发展资产管理集团有限公司,1.0
304,002232.SZ,002232,启明信息,软件服务,12.8,1.0,1.0,3.0,53.96,中央汇金资产管理有限责任公司,1.0
305,000014.SZ,000014,沙河股份,全国地产,12.85,8.0,0.0,1.0,26.46,,0.0
306,600198.SH,600198,大唐电信,通信设备,12.86,7.0,0.0,1.0,121.68,"华夏基金-农业银行-华夏中证金融资产管理计划
嘉实基金-农业银行-嘉实中证金融资产管理计划",2.0
307,002020.SZ,002020,京新药业,化学制药,12.91,8.0,0.0,1.0,81.6,"香港中央结算有限公司(陆股通)
芜湖弘唯基石投资基金管理合伙企业(有限合伙)-信保基石1号专项私募投资基金
建信基金-杭州银行-杭州玖擎投资管理合伙企业(有限合伙)
上海国际集团资产管理有限公司",4.0
308,002461.SZ,002461,珠江啤酒,啤酒,12.93,1.0,0.0,1.0,299.91,"兴业银行股份有限公司-工银瑞信文体产业股票型证券投资基金
香港中央结算有限公司(陆股通)
中央汇金资产管理有限责任公司
中国工商银行股份有限公司-富国高新技术产业混合型证券投资基金
全国社保基金一一四组合",5.0
309,002126.SZ,002126,银轮股份,汽车配件,13.14,9.0,0.0,1.0,108.04,"香港中央结算有限公司(陆股通)
国家第一养老金信托公司-自有资金
基本养老保险基金一零零三组合
中国建设银行股份有限公司-博时主题行业混合型证券投资基金(LOF)
贵州铁路发展基金管理有限公司-贵州铁路人保壹期壹号股权投资基金中心(有限合伙)
广州农村商业银行股份有限公司-金鹰信息产业股票型证券投资基金
中国工商银行股份有限公司-融通中国风1号灵活配置混合型证券投资基金",7.0
310,300600.SZ,300600,瑞特股份,电气设备,13.25,1.0,1.0,1.0,28.6,"光大永明资管-兴业银行-光大永明资产聚财121号定向资产管理产品
全国社保基金一零二组合
广发证券股份有限公司-中庚小盘价值股票型证券投资基金
华泰证券股份有限公司-中庚价值领航混合型证券投资基金",4.0
311,600605.SH,600605,汇通能源,房产服务,13.28,4.0,0.0,1.0,20.17,中央汇金资产管理有限责任公司,1.0
312,600501.SH,600501,航天晨光,汽车配件,13.3,0.0,3.0,3.0,54.39,"申万菱信基金-工商银行-华融信托-正弘2号权益投资集合资金信托计划
航天科工资产管理有限公司
天治基金-工商银行-华融信托-华融·海西晟乾7号权益投资集合资金信托计划",3.0
313,000878.SZ,000878,云南铜业,铜,13.45,9.0,0.0,1.0,231.35,"香港中央结算有限公司(陆股通)
中国长城资产管理股份有限公司
国新央企运营投资基金管理(广州)有限公司-国新央企运营(广州)投资基金(有限合伙)
中央企业贫困地区产业投资基金股份有限公司",4.0
314,600765.SH,600765,中航重机,机械基件,13.52,1.0,1.0,2.0,111.1,"中国建设银行股份有限公司-富国中证军工龙头交易型开放式指数证券投资基金
中央汇金资产管理有限责任公司
基本养老保险基金一二零四组合
中国华融资产管理股份有限公司
广发证券股份有限公司-中庚小盘价值股票型证券投资基金
中国建设银行股份有限公司-鹏华中证国防指数分级证券投资基金",6.0
315,300196.SZ,300196,长海股份,玻璃,13.55,2.0,1.0,1.0,34.49,"全国社保基金五零二组合
平安银行股份有限公司-东方红睿轩三年定期开放灵活配置混合型证券投资基金
中国工商银行股份有限公司-中欧潜力价值灵活配置混合型证券投资基金
中国建设银行股份有限公司-中欧价值发现股票型证券投资基金
招商银行股份有限公司-中欧恒利三年定期开放混合型证券投资基金
全国社保基金一一八组合",6.0
316,300772.SZ,300772,运达股份,电气设备,13.57,9.0,0.0,1.0,22.27,"国际金融-建行-中金股票策略集合资产管理计划
杭州斌诺资产管理有限公司-斌诺东起1号私募证券投资基金
中国农业银行股份有限公司-工银瑞信战略转型主题股票型证券投资基金
中国建设银行股份有限公司-华宝绿色领先股票型证券投资基金
中国建设银行股份有限公司-华宝生态中国混合型证券投资基金",5.0
317,002939.SZ,002939,长城证券,证券,13.66,9.0,0.0,1.0,242.64,,0.0
318,601038.SH,601038,一拖股份,农用机械,13.74,0.0,3.0,4.0,74.18,"香港中央结算有限公司(陆股通)
北京天乙合资本管理有限公司-天乙3期证券投资基金",2.0
319,002254.SZ,002254,泰和新材,化纤,13.76,8.0,0.0,1.0,87.65,"上海方圆达创投资合伙企业(有限合伙)-方圆-东方38号私募投资基金
中央汇金资产管理有限责任公司
基本养老保险基金三零三组合",3.0
320,603612.SH,603612,索通发展,矿物制品,13.77,9.0,0.0,1.0,50.92,"中瑞合作基金
招商银行股份有限公司-兴全合泰混合型证券投资基金
招商银行股份有限公司-中欧瑞丰灵活配置混合型证券投资基金",3.0
321,603839.SH,603839,安正时尚,服饰,13.8,2.0,1.0,1.0,58.65,"兴业银行股份有限公司-兴全趋势投资混合型证券投资基金
光大永明资管-兴业银行-光大永明资产聚财121号定向资产管理产品
广发证券股份有限公司-中庚小盘价值股票型证券投资基金
华泰证券股份有限公司-中庚价值领航混合型证券投资基金",4.0
322,300227.SZ,300227,光韵达,元器件,13.81,8.0,0.0,1.0,45.04,"交通银行股份有限公司-工银瑞信互联网加股票型证券投资基金
交通银行股份有限公司-博时新兴成长混合型证券投资基金",2.0
323,002106.SZ,002106,莱宝高科,元器件,13.81,8.0,0.0,1.0,102.34,"中国银行股份有限公司-嘉实中证央企创新驱动交易型开放式指数证券投资基金
招商银行股份有限公司-博时中证央企创新驱动交易型开放式指数证券投资基金
中国国际金融香港资产管理有限公司-客户资金",3.0
324,600682.SH,600682,南京新百,百货,13.82,8.0,0.0,1.0,176.85,兴业国际信托有限公司-兴业信托-兴运扶摇7号集合资金信托计划,1.0
325,600771.SH,600771,广誉远,中成药,13.83,7.0,0.0,1.0,70.26,"国寿安保基金-建设银行-人寿保险-中国人寿保险(集团)公司委托国寿安保基金混合型组合
兴业国际信托有限公司-兴享进取明达1号证券投资集合资金信托计划
华能贵诚信托有限公司-华能信托·悦晟3号单一资金信托",3.0
326,600476.SH,600476,湘邮科技,软件服务,13.97,2.0,1.0,1.0,24.51,北京中邮资产管理有限公司,1.0
327,300030.SZ,300030,阳普医疗,医疗保健,14.03,1.0,0.0,2.0,38.16,"长安基金-光大银行-长安睿享2号分级资产管理计划
中央汇金资产管理有限责任公司
华夏基金-农业银行-华夏中证金融资产管理计划",3.0
328,002187.SZ,002187,广百股份,百货,14.03,9.0,0.0,1.0,53.38,"领航投资澳洲有限公司-领航新兴市场股指基金(交易所)
浙江翊晟资产管理有限公司-翊晟汇金一号私募基金
中央汇金资产管理有限责任公司",3.0
329,600732.SH,600732,爱旭股份,电气设备,14.05,1.0,0.0,1.0,66.73,博时新兴成长混合型证券投资基金,1.0
330,000411.SZ,000411,英特集团,医药商业,14.08,0.0,1.0,1.0,26.54,"基本养老保险基金九零三组合
全国社保基金六零四组合",2.0
331,000026.SZ,000026,飞亚达,其他商业,14.2,2.0,0.0,1.0,51.19,"中银基金-工商银行-上海海通证券资产管理有限公司
中国建设银行股份有限公司-鹏华价值优势混合型证券投资基金(LOF)
中国工商银行-博时第三产业成长混合型证券投资基金
鹏华基金-民生银行-鹏华基金-汇利1号资产管理计划",4.0
332,300366.SZ,300366,创意信息,软件服务,14.2,0.0,4.0,4.0,44.47,"安信乾盛财富-宁波银行-安信乾盛兴源2号专项资产管理计划
四川省集成电路和信息安全产业投资基金有限公司
贵州铁路发展基金管理有限公司-贵州铁路壹期伍号股权投资基金中心(有限合伙)",3.0
333,600352.SH,600352,浙江龙盛,染料涂料,14.35,3.0,1.0,1.0,487.67,"大成睿享混合型证券投资基金
香港中央结算有限公司(陆股通)
国泰君安君得鑫两年持有期混合型集合资产管理计划
中央汇金资产管理有限责任公司
国泰君安君得明混合型集合资产管理计划",5.0
334,300087.SZ,300087,荃银高科,种植业,14.4,9.0,0.0,1.0,60.04,"中国农业银行股份有限公司-大成景阳领先混合型证券投资基金
全国社保基金一一六组合
全国社保基金一一一组合",3.0
335,603256.SH,603256,宏和科技,玻璃,14.5,0.0,1.0,1.0,19.05,中国农业银行股份有限公司-中证500交易型开放式指数证券投资基金,1.0
336,300589.SZ,300589,江龙船艇,船舶,14.52,0.0,1.0,1.0,13.38,,0.0
337,603477.SH,603477,振静股份,纺织,14.55,7.0,0.0,1.0,15.88,,0.0
338,300019.SZ,300019,硅宝科技,化工原料,14.64,1.0,1.0,1.0,43.32,"中国建设银行股份有限公司-华夏中证四川国企改革交易型开放式指数证券投资基金
申万菱信基金-四川发展引领资本管理有限公司-申万菱信-引领资本1号大股东增持单一资产管理计划",2.0
339,000038.SZ,000038,深大通,广告包装,14.7,3.0,1.0,2.0,35.09,"华安未来资管-宁波银行-深大通1号资产管理计划
云南国际信托有限公司-深大通员工持股计划集合资金信托计划",2.0
340,002253.SZ,002253,川大智胜,软件服务,14.72,7.0,0.0,1.0,31.5,中央汇金资产管理有限责任公司,1.0
341,300565.SZ,300565,科信技术,通信设备,14.8,3.0,1.0,1.0,24.9,,0.0
342,300138.SZ,300138,晨光生物,食品,14.84,1.0,1.0,1.0,64.24,北京银网信联投资管理有限公司-银网信联6号私募证券投资基金,1.0
343,002041.SZ,002041,登海种业,种植业,14.95,9.0,0.0,1.0,127.6,"华夏基金-农业银行-华夏中证金融资产管理计划
中央汇金资产管理有限责任公司
大成基金-农业银行-大成中证金融资产管理计划
银华基金-农业银行-银华中证金融资产管理计划
易方达基金-农业银行-易方达中证金融资产管理计划
嘉实基金-农业银行-嘉实中证金融资产管理计划",6.0
344,002789.SZ,002789,建艺集团,装修装饰,14.97,2.0,1.0,1.0,13.39,"上海长富投资管理有限公司-长富山5号私募基金
上海景富投资管理有限公司-景富和1期私募证券投资基金",2.0
345,603600.SH,603600,永艺股份,家居用品,15.01,2.0,1.0,1.0,48.11,"香港中央结算有限公司(陆股通)
建信基金-杭州银行-建信-华润信托-惠润1号特定客户资产管理计划",2.0
346,601990.SH,601990,南京证券,证券,15.16,8.0,0.0,1.0,331.61,中国建设银行股份有限公司-国泰中证全指证券公司交易型开放式指数证券投资基金,1.0
347,002185.SZ,002185,华天科技,半导体,15.19,8.0,0.0,1.0,445.38,"香港中央结算有限公司(陆股通)
中国工商银行股份有限公司-广发国证半导体芯片交易型开放式指数证券投资基金
国泰君安证券股份有限公司-国联安中证全指半导体产品与设备交易型开放式指数证券投资基金
中央汇金资产管理有限责任公司
中国工商银行股份有限公司-广发创新升级灵活配置混合型证券投资基金
中国银行股份有限公司-国泰CES半导体行业交易型开放式指数证券投资基金
上海浦东发展银行股份有限公司-广发小盘成长混合型证券投资基金(LOF)
中国建设银行股份有限公司-华夏国证半导体芯片交易型开放式指数证券投资基金",8.0
348,002286.SZ,002286,保龄宝,食品,15.25,1.0,4.0,6.0,57.64,"宁波趵朴富通资产管理中心(有限合伙)
中国工商银行股份有限公司-南方大数据100指数证券投资基金
中央汇金资产管理有限责任公司",3.0
349,600072.SH,600072,中船科技,船舶,15.3,1.0,2.0,2.0,117.43,"香港中央结算有限公司(陆股通)
交通银行股份有限公司-广发中证基建工程指数型发起式证券投资基金
中国银行股份有限公司-信诚中证基建工程指数型证券投资基金(LOF)
上海国际集团资产管理有限公司",4.0
350,603385.SH,603385,惠达卫浴,家居用品,15.34,2.0,1.0,1.0,62.95,"中国建设银行股份有限公司-长城量化小盘股票型证券投资基金
中国银行股份有限公司-嘉实新收益灵活配置混合型证券投资基金
中国工商银行股份有限公司-诺安先锋混合型证券投资基金",3.0
351,002184.SZ,002184,海得控制,软件服务,15.35,9.0,0.0,1.0,26.33,"上海证券-浦发银行-上海证券聚赢定增3号集合资产管理计划
中国工商银行-中海能源策略混合型证券投资基金
上海证券-浦发银行-上海证券聚赢定增1号集合资产管理计划
前海开源基金-民生银行-陈泳平
上海证券-浦发银行-上海证券聚赢定增2号集合资产管理计划",5.0
352,600056.SH,600056,中国医药,医药商业,15.48,1.0,1.0,1.0,170.04,"香港中央结算有限公司(陆股通)
中国建设银行股份有限公司-易方达中证国企一带一路交易型开放式指数证券投资基金
中国农业银行股份有限公司-中证500交易型开放式指数证券投资基金
中央汇金资产管理有限责任公司",4.0
353,000831.SZ,000831,五矿稀土,小金属,15.6,0.0,1.0,1.0,152.23,"博时基金管理有限公司-社保基金四一九组合
全国社保基金四零二组合
香港中央结算有限公司(陆股通)
中央汇金资产管理有限责任公司",4.0
354,300065.SZ,300065,海兰信,软件服务,15.62,1.0,1.0,1.0,53.78,"中国工商银行-浦银安盛价值成长混合型证券投资基金
交通银行股份有限公司-浦银安盛增长动力灵活配置混合型证券投资基金
杭州东方嘉富资产管理有限公司-杭州宣富投资管理合伙企业(有限合伙)",3.0
355,603633.SH,603633,徕木股份,元器件,15.69,5.0,0.0,3.0,31.73,上海久奕一期股权投资基金合伙企业(有限合伙),1.0
356,300675.SZ,300675,建科院,建筑工程,15.93,9.0,0.0,1.0,24.93,,0.0
357,603609.SH,603609,禾丰牧业,饲料,15.96,8.0,0.0,1.0,147.31,香港中央结算有限公司(陆股通),1.0
358,603968.SH,603968,醋化股份,化工原料,16.13,9.0,0.0,1.0,34.31,,0.0
359,600371.SH,600371,万向德农,种植业,16.13,0.0,1.0,2.0,45.03,"浙江九章资产管理有限公司-幻方星月石7号私募基金
中央汇金资产管理有限责任公司",2.0
360,002747.SZ,002747,埃斯顿,机械基件,16.2,2.0,1.0,1.0,120.63,"香港中央结算有限公司(陆股通)
派雷斯特-申万宏源承销保荐-19派雷EB01担保及信托财产专户",2.0
361,000789.SZ,000789,万年青,水泥,16.26,2.0,1.0,1.0,138.34,香港中央结算有限公司(陆股通),1.0
362,002055.SZ,002055,得润电子,元器件,16.63,8.0,0.0,1.0,75.69,"深圳市得胜资产管理有限公司
深圳市投控资本有限公司-深圳投控中证信赢股权投资基金合伙企业(有限合伙)",2.0
363,300855.SZ,300855,图南股份,钢加工,16.64,0.0,2.0,2.0,7.57,,0.0
364,002428.SZ,002428,云南锗业,小金属,16.7,8.0,0.0,1.0,108.57,中央汇金资产管理有限责任公司,1.0
365,002100.SZ,002100,天康生物,饲料,16.74,8.0,0.0,1.0,180.82,"全国社保基金五零四组合
香港中央结算有限公司(陆股通)
中央汇金资产管理有限责任公司
北京融元宝通资产管理合伙企业(有限合伙)
中国农业银行股份有限公司-银华内需精选混合型证券投资基金(LOF)",5.0
366,000910.SZ,000910,大亚圣象,家居用品,16.75,3.0,1.0,1.0,99.69,"全国社保基金五零二组合
中欧基金-民生银行-上海海通证券资产管理有限公司
香港中央结算有限公司(陆股通)
中国工商银行股份有限公司-中欧潜力价值灵活配置混合型证券投资基金
基本养老保险基金八零二组合
平安基金-中国平安人寿保险股份有限公司-分红-个险分红-平安人寿-平安基金权益委托投资2号单一资产管理计划
中国建设银行股份有限公司-中欧价值发现股票型证券投资基金
招商银行股份有限公司-中欧恒利三年定期开放混合型证券投资基金
全国社保基金一一三组合",9.0
367,300511.SZ,300511,雪榕生物,种植业,17.1,1.0,0.0,1.0,51.11,"中国建设银行股份有限公司-融通互联网传媒灵活配置混合型证券投资基金
基本养老保险基金一二零四组合
深圳市云图资产管理服务有限公司-云图优选1号私募证券投资基金",3.0
368,002884.SZ,002884,凌霄泵业,专用机械,17.1,4.0,0.0,1.0,38.77,"中国银行股份有限公司-大成优势企业混合型证券投资基金
中国工商银行股份有限公司-中欧远见两年定期开放混合型证券投资基金
大成基金管理有限公司-社保基金1101组合
中国农业银行股份有限公司-大成高新技术产业股票型证券投资基金
大成基金管理有限公司-社保基金17011组合",5.0
369,300682.SZ,300682,朗新科技,软件服务,17.12,9.0,1.0,1.0,58.98,"基本养老保险基金三零三组合
香港中央结算有限公司(陆股通)
上海浦东发展银行股份有限公司-长信金利趋势混合型证券投资基金
中国工商银行股份有限公司-汇添富红利增长混合型证券投资基金
中国农业银行股份有限公司-长信银利精选混合型证券投资基金",5.0
370,603757.SH,603757,大元泵业,专用机械,17.33,9.0,0.0,1.0,30.06,"光大永明资管-兴业银行-光大永明资产聚财121号定向资产管理产品
广发证券股份有限公司-中庚小盘价值股票型证券投资基金
华泰证券股份有限公司-中庚价值领航混合型证券投资基金
平安银行股份有限公司-中庚价值灵动灵活配置混合型证券投资基金",4.0
371,603663.SH,603663,三祥新材,矿物制品,17.44,1.0,0.0,1.0,34.39,,0.0
372,600372.SH,600372,中航电子,航空,17.44,1.0,1.0,1.0,321.82,"香港中央结算有限公司(陆股通)
中国建设银行股份有限公司-富国中证军工指数分级证券投资基金
中国建设银行股份有限公司-鹏华中证国防指数分级证券投资基金
中央汇金资产管理有限责任公司",4.0
373,600697.SH,600697,欧亚集团,百货,17.55,2.0,1.0,1.0,30.07,,0.0
374,300151.SZ,300151,昌红科技,机械基件,17.57,1.0,1.0,1.0,54.97,,0.0
375,000603.SZ,000603,盛达资源,铅锌,17.66,1.0,3.0,3.0,105.52,"香港中央结算有限公司(陆股通)
中信证券股份有限公司-前海开源金银珠宝主题精选灵活配置混合型证券投资基金
中央汇金资产管理有限责任公司",3.0
376,300717.SZ,300717,华信新材,塑料,17.69,0.0,1.0,1.0,7.43,,0.0
377,300480.SZ,300480,光力科技,专用机械,17.74,9.0,0.0,1.0,29.51,深圳前海君励投资管理有限公司-君励1号私募基金,1.0
378,002124.SZ,002124,天邦股份,饲料,17.75,0.0,0.0,1.0,159.51,"香港中央结算有限公司(陆股通)
金鹰基金-浦发银行-万向信托-万向信托-星辰41号事务管理类单一资金信托
中国农业银行股份有限公司-银华内需精选混合型证券投资基金(LOF)",3.0
379,603606.SH,603606,东方电缆,电气设备,17.78,1.0,0.0,1.0,121.19,"全国社保基金四一二组合
金元顺安基金-中信银行-中诚信托-2017年中信银行组合投资单一资金信托
光大证券-光大银行-光大阳光集合资产管理计划",3.0
380,300374.SZ,300374,恒通科技,其他建材,17.83,8.0,0.0,1.0,33.76,"诸城晨光景泰股权投资基金有限公司
中央汇金资产管理有限责任公司",2.0
381,603777.SH,603777,来伊份,食品,17.92,8.0,0.0,1.0,65.16,,0.0
382,603733.SH,603733,仙鹤股份,造纸,17.94,9.0,0.0,1.0,11.91,"香港中央结算有限公司(陆股通)
中信银行股份有限公司-建信中证500指数增强型证券投资基金",2.0
383,002664.SZ,002664,长鹰信质,汽车配件,17.99,0.0,1.0,1.0,57.19,易方达基金-工商银行-易方达基金臻选2号资产管理计划,1.0
384,300797.SZ,300797,钢研纳克,电器仪表,18.04,8.0,0.0,1.0,11.23,上海明汯投资管理有限公司-明汯价值成长1期私募投资基金,1.0
385,300054.SZ,300054,鼎龙股份,化工原料,18.06,9.0,0.0,1.0,125.55,"中国对外经济贸易信托有限公司-外贸信托-广荣2号结构化证券投资集合资金信托计
兴业银行股份有限公司-兴全新视野灵活配置定期开放混合型发起式证券投资基金
香港中央结算有限公司(陆股通)
平安银行股份有限公司-长信可转债债券型证券投资基金
中国建设银行股份有限公司-华夏国证半导体芯片交易型开放式指数证券投资基金
中国银行股份有限公司-国泰CES半导体行业交易型开放式指数证券投资基金
兴业银行股份有限公司-兴全趋势投资混合型证券投资基金",7.0
386,300118.SZ,300118,东方日升,半导体,18.12,1.0,1.0,2.0,132.39,"香港中央结算有限公司(陆股通)
中央汇金资产管理有限责任公司
交通银行股份有限公司-汇丰晋信低碳先锋股票型证券投资基金
交通银行股份有限公司-汇丰晋信智造先锋股票型证券投资基金
红土创新基金-江苏银行-红土创新红土紫金2号资产管理计划
红塔资产-中信银行-中信信托-中信·宏商金融投资项目1603期",6.0
387,600137.SH,600137,浪莎股份,服饰,18.2,8.0,0.0,1.0,18.5,湖南蠡源晟投资管理有限公司-蠡源晟价值平衡二号私募基金,1.0
388,300718.SZ,300718,长盛轴承,机械基件,18.34,2.0,0.0,1.0,9.89,,0.0
389,000037.SZ,000037,深南电A,火力发电,18.42,3.0,1.0,3.0,69.37,,0.0
390,300561.SZ,300561,汇金科技,软件服务,18.75,6.0,0.0,4.0,25.95,,0.0
391,002815.SZ,002815,崇达技术,元器件,18.8,8.0,0.0,1.0,84.4,"香港中央结算有限公司(陆股通)
中国农业银行股份有限公司-中证500交易型开放式指数证券投资基金
全国社保基金四零四组合
中国银行股份有限公司-华夏中证5G通信主题交易型开放式指数证券投资基金",4.0
392,600598.SH,600598,北大荒,种植业,18.8,8.0,0.0,1.0,342.2,"香港中央结算有限公司(陆股通)
中国对外经济贸易信托有限公司-淡水泉精选1期
中国对外经济贸易信托有限公司-外贸信托-淡水泉精选3期私募证券投资基金
挪威中央银行-自有资金
平安信托有限责任公司-平安财富.淡水泉成长一期集合资金信托
淡水泉(北京)投资管理有限公司-淡水泉成长基金1期
平安信托有限责任公司-投资精英之淡水泉",7.0
393,002915.SZ,002915,中欣氟材,化工原料,18.86,8.0,0.0,1.0,10.19,"中信信托有限责任公司-中信信托鑫涌成泉金融投资集合资金信托计划
中信信托有限责任公司-中信信托成泉汇涌八期金融投资集合资金信托计划",2.0
394,002930.SZ,002930,宏川智慧,仓储物流,18.88,3.0,1.0,1.0,36.52,广东中科白云新兴产业创业投资基金有限公司,1.0
395,300735.SZ,300735,光弘科技,通信设备,18.9,8.0,0.0,1.0,45.63,"兴业全球基金-兴业银行-兴全-股票红利特定多客户资产管理计划
中国光大银行股份有限公司-兴全商业模式优选混合型证券投资基金(LOF)
招商银行股份有限公司-兴全合泰混合型证券投资基金
平安基金-中国平安人寿保险股份有限公司-分红-个险分红-平安人寿-平安基金权益委托投资2号单一资产管理计划
兴全基金-农业银行-中国太平洋人寿保险-中国太平洋人寿股票主动管理型产品(个分红)委托投资
中国银行股份有限公司-华夏中证5G通信主题交易型开放式指数证券投资基金",6.0
396,600267.SH,600267,海正药业,化学制药,18.94,1.0,3.0,3.0,200.73,"上海融昌资产管理有限公司
中央汇金资产管理有限责任公司
宁波梅山保税港区盛麒资产管理有限公司-盛麒盛华私募证券投资基金",3.0
397,000738.SZ,000738,航发控制,航空,18.97,1.0,1.0,2.0,224.77,"中国建设银行股份有限公司-富国中证军工指数分级证券投资基金
中央汇金资产管理有限责任公司
中国华融资产管理股份有限公司
中国建设银行股份有限公司-鹏华中证国防指数分级证券投资基金
中国信达资产管理股份有限公司",5.0
398,603032.SH,603032,德新交运,公路,19.14,0.0,1.0,1.0,27.84,,0.0
399,300581.SZ,300581,晨曦航空,航空,19.18,0.0,1.0,1.0,29.95,,0.0
400,300556.SZ,300556,丝路视觉,软件服务,19.2,7.0,0.0,2.0,16.53,中国文化产业投资基金(有限合伙),1.0
401,605199.SH,605199,葫芦娃,中成药,19.35,0.0,5.0,10.0,7.05,,0.0
402,600380.SH,600380,健康元,化学制药,19.41,2.0,0.0,2.0,410.54,"全国社保基金五零二组合
香港中央结算有限公司(陆股通)
招商银行股份有限公司-睿远均衡价值三年持有期混合型证券投资基金
博时基金管理有限公司-社保基金四一九组合
全国社保基金一零八组合
中国农业银行股份有限公司-中证500交易型开放式指数证券投资基金
基本养老保险基金一六零一一组合",7.0
403,600197.SH,600197,伊力特,白酒,19.5,7.0,0.0,1.0,90.8,"香港中央结算有限公司(陆股通)
中国银行股份有限公司-招商中证白酒指数分级证券投资基金
中央汇金资产管理有限责任公司",3.0
404,603915.SH,603915,国茂股份,机械基件,19.51,2.0,2.0,2.0,25.76,,0.0
405,600587.SH,600587,新华医疗,医疗保健,19.55,0.0,1.0,1.0,74.28,"广发基金-农业银行-广发中证金融资产管理计划
工银瑞信基金-农业银行-工银瑞信中证金融资产管理计划
华夏基金-农业银行-华夏中证金融资产管理计划
香港中央结算有限公司(陆股通)
南方基金-农业银行-南方中证金融资产管理计划
中央汇金资产管理有限责任公司
中欧基金-农业银行-中欧中证金融资产管理计划
大成基金-农业银行-大成中证金融资产管理计划
银华基金-农业银行-银华中证金融资产管理计划
博时基金-农业银行-博时中证金融资产管理计划
易方达基金-农业银行-易方达中证金融资产管理计划
嘉实基金-农业银行-嘉实中证金融资产管理计划",12.0
406,603665.SH,603665,康隆达,纺织,19.56,8.0,1.0,2.0,30.87,华宝信托有限责任公司-辉煌1047号单一资金信托,1.0
407,603630.SH,603630,拉芳家化,日用化工,19.6,4.0,1.0,2.0,47.43,,0.0
408,603131.SH,603131,上海沪工,专用机械,19.68,8.0,1.0,2.0,62.55,中国工商银行-华安中小盘成长混合型证券投资基金,1.0
409,002906.SZ,002906,华阳集团,汽车配件,19.81,9.0,0.0,1.0,40.45,珠海横琴中科白云股权投资基金合伙企业(有限合伙),1.0
410,300123.SZ,300123,亚光科技,半导体,19.89,1.0,2.0,4.0,127.78,"香港中央结算有限公司(陆股通)
湖南省资产管理有限公司
中国建设银行股份有限公司-富国中证军工指数分级证券投资基金
银河资本-浙商银行-银河资本-鑫鑫一号资产管理计划",4.0
411,002873.SZ,002873,新天药业,中成药,20.0,9.0,0.0,1.0,24.59,武汉惠人生物创业投资基金中心(有限合伙),1.0
412,603906.SH,603906,龙蟠科技,化工原料,20.3,3.0,1.0,1.0,63.83,,0.0
413,600895.SH,600895,张江高科,园区开发,20.31,9.0,1.0,1.0,338.85,"香港中央结算有限公司(陆股通)
中国建设银行-上证180交易型开放式指数证券投资基金
中央汇金资产管理有限责任公司
中国工商银行股份有限公司-中证上海国企交易型开放式指数证券投资基金
中国农业银行股份有限公司-中证500交易型开放式指数证券投资基金
博时基金-农业银行-博时中证金融资产管理计划",6.0
414,603103.SH,603103,横店影视,影视音像,20.37,8.0,0.0,1.0,15.25,"中国银行股份有限公司-华安成长创新混合型证券投资基金
香港中央结算有限公司(陆股通)
中国农业银行股份有限公司-华安智能生活混合型证券投资基金
中国农业银行股份有限公司-长信双利优选混合型证券投资基金
中国农业银行股份有限公司-中邮信息产业灵活配置混合型证券投资基金
全国社保基金五零三组合
鹏华基金-建设银行-中国人寿-中国人寿保险(集团)公司委托鹏华基金管理有限公司定增组合
中国工商银行股份有限公司-华安媒体互联网混合型证券投资基金",8.0
415,300531.SZ,300531,优博讯,软件服务,20.55,3.0,1.0,1.0,63.92,,0.0
416,600999.SH,600999,招商证券,证券,20.7,6.0,0.0,2.0,1261.04,"香港中央结算有限公司(陆股通)
中央汇金资产管理有限责任公司",2.0
417,688165.SH,688165,埃夫特-U,专用机械,20.76,7.0,1.0,2.0,27.66,,0.0
418,300439.SZ,300439,美康生物,医疗保健,20.84,1.0,0.0,1.0,46.99,广东金百合财富管理有限公司-金百合八号证券投资基金,1.0
419,603727.SH,603727,博迈科,石油开采,20.84,2.0,1.0,1.0,48.73,"中国工商银行股份有限公司-广发科技动力股票型证券投资基金
平安银行股份有限公司-广发沪港深新起点股票型证券投资基金",2.0
420,600131.SH,600131,国网信通,通信设备,20.86,1.0,1.0,1.0,94.45,"中国建设银行股份有限公司-华夏中证四川国企改革交易型开放式指数证券投资基金
中国建设银行股份有限公司-信达澳银新能源产业股票型证券投资基金
北京新华国泰水利资产管理有限公司
兴证证券资管-阿坝州投资发展公司-兴证资管阿尔法科睿3号单一资产管理计划",4.0
421,600621.SH,600621,华鑫股份,证券,20.91,8.0,0.0,1.0,241.57,"中国工商银行股份有限公司-中证上海国企交易型开放式指数证券投资基金
中国建设银行股份有限公司-华宝中证全指证券公司交易型开放式指数证券投资基金
中国建设银行股份有限公司-国泰中证全指证券公司交易型开放式指数证券投资基金
浮石(北京)投资有限公司-浮石广盈19号私募证券投资基金",4.0
422,603133.SH,603133,碳元科技,元器件,21.19,2.0,1.0,1.0,42.94,"深圳德威资本投资管理有限公司-德威资本优盛私募基金
中国建设银行股份有限公司-富国国家安全主题混合型证券投资基金",2.0
423,688128.SH,688128,中国电研,专用机械,21.31,8.0,0.0,1.0,11.2,,0.0
424,300481.SZ,300481,濮阳惠成,化工原料,21.35,3.0,0.0,1.0,60.32,"全国社保基金五零二组合
中国对外经济贸易信托有限公司-淡水泉精选1期
中国对外经济贸易信托有限公司-外贸信托-华夏未来领时对冲1号集合资金信托计划
民权中证国投创业投资基金(有限合伙)
华润深国投信托有限公司-华润信托·淡水泉平衡5期集合资金信托计划
财通基金-宁波银行-湖北鼎锋长江产业投资基金合伙企业(有限合伙)
北京芯动能投资基金(有限合伙)",7.0
425,002852.SZ,002852,道道全,食品,21.5,2.0,2.0,3.0,49.3,,0.0
426,600862.SH,600862,中航高科,航空,21.64,4.0,1.0,1.0,329.32,"中国建设银行股份有限公司-富国中证军工龙头交易型开放式指数证券投资基金
招商银行股份有限公司-鹏华新兴产业混合型证券投资基金
中国建设银行股份有限公司-鹏华中证国防指数分级证券投资基金
北京京国发股权投资基金(有限合伙)
全国社保基金五零三组合",5.0
427,300034.SZ,300034,钢研高纳,小金属,21.71,1.0,1.0,1.0,96.94,"中央汇金资产管理有限责任公司
中国工商银行股份有限公司-华商新锐产业灵活配置混合型证券投资基金
中国建设银行股份有限公司-鹏华中证国防指数分级证券投资基金
中国农业银行股份有限公司-交银施罗德瑞思三年封闭运作混合型证券投资基金
兴业银行股份有限公司-工银瑞信新材料新能源行业股票型证券投资基金",5.0
428,600976.SH,600976,健民集团,中成药,21.74,2.0,0.0,1.0,35.98,"泰康资管-交通银行-泰康资产管理有限责任公司优势精选资产管理产品
深圳市南方鑫泰投资发展有限公司-南方鑫泰-私募学院菁英145号基金
中国工商银行股份有限公司-东方红新动力灵活配置混合型证券投资基金
中国建设银行股份有限公司-中欧新蓝筹灵活配置混合型证券投资基金
兴业银行股份有限公司-中欧新趋势股票型证券投资基金(LOF)
招商银行股份有限公司-东方红京东大数据灵活配置混合型证券投资基金",6.0
429,601698.SH,601698,中国卫通,电信运营,21.77,8.0,1.0,1.0,95.88,"中国建设银行股份有限公司-广发科技先锋混合型证券投资基金
香港中央结算有限公司(陆股通)
中国建设银行股份有限公司-富国中证军工指数分级证券投资基金
中国建设银行股份有限公司-富国低碳新经济混合型证券投资基金
中国工商银行股份有限公司-广发创新升级灵活配置混合型证券投资基金
中国建设银行股份有限公司-广发多元新兴股票型证券投资基金
中国工商银行股份有限公司-广发双擎升级混合型证券投资基金
招商银行股份有限公司-博时中证央企结构调整交易型开放式指数证券投资基金
中国农业银行股份有限公司-华夏中证央企结构调整交易型开放式指数证券投资基金",9.0
430,000987.SZ,000987,越秀金控,多元金融,21.78,7.0,1.0,2.0,645.48,,0.0
431,300619.SZ,300619,金银河,专用机械,21.78,8.0,0.0,1.0,12.65,,0.0
432,603199.SH,603199,九华旅游,旅游景点,21.8,7.0,0.0,1.0,24.4,"中国银行-易方达积极成长证券投资基金
全国社保基金一零九组合",2.0
433,300779.SZ,300779,惠城环保,环境保护,21.95,4.0,1.0,3.0,16.6,,0.0
434,300722.SZ,300722,新余国科,专用机械,21.99,0.0,2.0,2.0,7.28,"中国建设银行股份有限公司-富国中证军工指数分级证券投资基金
中国建设银行股份有限公司-国泰中证军工交易型开放式指数证券投资基金",2.0
435,600378.SH,600378,昊华科技,化工原料,22.01,2.0,1.0,1.0,70.85,"全国社保基金四一一组合
香港中央结算有限公司(陆股通)
中国建设银行股份有限公司-华夏中证四川国企改革交易型开放式指数证券投资基金
中国银行股份有限公司-长盛电子信息产业混合型证券投资基金
兴业银行股份有限公司-工银瑞信新材料新能源行业股票型证券投资基金",5.0
436,300191.SZ,300191,潜能恒信,石油开采,22.25,0.0,1.0,1.0,44.3,"香港中央结算有限公司(陆股通)
青岛汇海海洋钻井产业投资基金合伙企业(有限合伙)",2.0
437,603776.SH,603776,永安行,公共交通,22.44,1.0,1.0,1.0,28.9,福弘(常州)股权投资基金合伙企业(有限合伙),1.0
438,300183.SZ,300183,东软载波,通信设备,22.49,7.0,0.0,2.0,63.38,"中国银行股份有限公司-国泰CES半导体行业交易型开放式指数证券投资基金
国泰君安证券股份有限公司-国联安中证全指半导体产品与设备交易型开放式指数证券投资基金
香港中央结算有限公司(陆股通)
中央汇金资产管理有限责任公司",4.0
439,300758.SZ,300758,七彩化学,染料涂料,22.63,4.0,1.0,2.0,28.85,,0.0
440,603308.SH,603308,应流股份,专用机械,22.72,3.0,1.0,1.0,104.53,"广发银行股份有限公司-国泰聚信价值优势灵活配置混合型证券投资基金
安徽省铁路发展基金股份有限公司
大成价值增长证券投资基金
中国建设银行股份有限公司-国泰大健康股票型证券投资基金
全国社保基金六零二组合",5.0
441,300427.SZ,300427,红相股份,电气设备,22.86,1.0,2.0,2.0,59.47,"益家资本管理有限公司-益家聚美1号私募证券投资基金
中国建设银行股份有限公司-国泰大健康股票型证券投资基金
中国建设银行股份有限公司-国泰研究精选两年持有期混合型证券投资基金
上海雅策投资管理有限公司-雅策精选一号私募证券投资基金
广发银行股份有限公司-国泰聚信价值优势灵活配置混合型证券投资基金",5.0
442,300171.SZ,300171,东富龙,医疗保健,22.88,0.0,1.0,2.0,94.26,汇添富基金管理股份有限公司-社保基金一五零二组合,1.0
443,603060.SH,603060,国检集团,建筑工程,22.93,1.0,1.0,1.0,102.02,"中国建设银行股份有限公司-中欧明睿新常态混合型证券投资基金
香港中央结算有限公司(陆股通)
全国社会保障基金理事会转持一户
挪威中央银行-自有资金
中国工商银行股份有限公司-中欧时代先锋股票型发起式证券投资基金",5.0
444,603363.SH,603363,傲农生物,饲料,22.99,9.0,0.0,1.0,41.14,"香港中央结算有限公司(陆股通)
中国银行-南方高增长股票型开放式证券投资基金
全国社保基金四零一组合
中国工商银行-南方绩优成长股票型证券投资基金",4.0
445,601966.SH,601966,玲珑轮胎,汽车配件,23.04,4.0,1.0,1.0,289.09,"香港中央结算有限公司(陆股通)
全国社保基金四一八组合
招商银行股份有限公司-富兰克林国海基本面优选混合型证券投资基金
中国银行股份有限公司-富兰克林国海中小盘股票型证券投资基金
中国农业银行股份有限公司-富兰克林国海弹性市值混合型证券投资基金",5.0
446,603093.SH,603093,南华期货,多元金融,23.08,7.0,0.0,2.0,17.38,中国工商银行股份有限公司-申万菱信中证申万证券行业指数分级证券投资基金,1.0
447,002661.SZ,002661,克明面业,食品,23.19,9.0,0.0,1.0,79.96,"湖南省资产管理有限公司
兴业国际信托有限公司-克明面业1号员工持股集合资金信托
全国社保基金一零五组合
中央汇金资产管理有限责任公司
华润深国投信托有限公司-华润信托·捷昀25号集合资金信托计划",5.0
448,002751.SZ,002751,易尚展示,家居用品,23.31,8.0,0.0,2.0,27.69,"中央汇金资产管理有限责任公司
华富基金-民生银行-天津信托-天津信托·优选定增6号集合资金信托计划
兴业国际信托有限公司-兴业信托·易尚展示1号员工持股集合资金信托计划
民生加银基金-建设银行-华鑫国际信托-华鑫信托·智选8号证券投资集合资金信托计划",4.0
449,600438.SH,600438,通威股份,饲料,23.61,1.0,1.0,1.0,1059.1,"云南国际信托有限公司-云信-弘瑞28号集合资金信托计划
香港中央结算有限公司(陆股通)
招商银行股份有限公司-睿远成长价值混合型证券投资基金
全国社保基金一零八组合
全国社保基金一一四组合
全国社保基金四零一组合",6.0
450,002845.SZ,002845,同兴达,元器件,24.06,8.0,0.0,1.0,31.42,中国工商银行股份有限公司-南方大数据100指数证券投资基金,1.0
451,000011.SZ,000011,深物业A,区域地产,24.13,1.0,1.0,3.0,141.1,"兴业证券股份有限公司-博道久航混合型证券投资基金
中国东方资产管理股份有限公司
中国建设银行股份有限公司-长城量化小盘股票型证券投资基金",3.0
452,002971.SZ,002971,和远气体,化工原料,24.14,9.0,0.0,1.0,10.26,上海明汯投资管理有限公司-明汯价值成长1期私募投资基金,1.0
453,688098.SH,688098,申联生物,生物制药,24.15,8.0,0.0,1.0,13.01,,0.0
454,002953.SZ,002953,日丰股份,电气设备,24.38,8.0,0.0,1.0,13.73,上海浦东发展银行股份有限公司-国泰中证全指家用电器交易型开放式指数证券投资基金,1.0
455,300846.SZ,300846,首都在线,软件服务,24.57,0.0,5.0,10.0,11.17,,0.0
456,002335.SZ,002335,科华恒盛,电气设备,24.58,4.0,0.0,1.0,59.62,"中融鼎(深圳)投资有限公司-中融鼎秋天对冲私募基金
中国建设银行股份有限公司-大成中证红利指数证券投资基金
中国工商银行-富国中证红利指数增强型证券投资基金",3.0
457,300592.SZ,300592,华凯创意,软件服务,24.6,1.0,3.0,3.0,25.28,湖南文化旅游创业投资基金企业(有限合伙),1.0
458,300648.SZ,300648,星云股份,电器仪表,24.6,1.0,1.0,2.0,20.34,"中国建设银行股份有限公司-信达澳银新能源产业股票型证券投资基金
中国建设银行股份有限公司-富国低碳新经济混合型证券投资基金",2.0
459,300452.SZ,300452,山河药辅,化学制药,24.63,2.0,0.0,1.0,38.96,"中国银行股份有限公司-国投瑞银医疗保健行业灵活配置混合型证券投资基金
中国工商银行股份有限公司-诺安灵活配置混合型证券投资基金",2.0
460,603949.SH,603949,雪龙集团,汽车配件,24.64,0.0,1.0,1.0,8.39,,0.0
461,600984.SH,600984,建设机械,工程机械,24.68,1.0,1.0,1.0,207.46,"上海迎水投资管理有限公司-迎水东风2号私募证券投资基金
中国银行股份有限公司-富国改革动力混合型证券投资基金
全国社保基金六零二组合",3.0
462,603578.SH,603578,三星新材,玻璃,24.71,1.0,1.0,1.0,23.48,德华创投-财通证券-19德华EB担保及信托财产专户,1.0
463,002466.SZ,002466,天齐锂业,小金属,24.75,9.0,0.0,1.0,387.89,"中国农业银行股份有限公司-国泰智能汽车股票型证券投资基金
香港中央结算有限公司(陆股通)
中国建设银行股份有限公司-富国中证新能源汽车指数分级证券投资基金
全国社保基金一一七组合
中央汇金资产管理有限责任公司
中国银行股份有限公司-华夏中证新能源汽车交易型开放式指数证券投资基金
招商证券股份有限公司-平安中证新能源汽车产业交易型开放式指数证券投资基金",7.0
464,600641.SH,600641,万业企业,区域地产,24.93,8.0,0.0,1.0,215.08,"国家集成电路产业投资基金股份有限公司
申万宏源证券-四川三新创业投资有限责任公司-证券行业支持民企发展系列之申万宏源三新创投单一资产管理计划
沈阳森木投资管理有限公司-森木价值发现1号证券投资基金
香港中央结算有限公司(陆股通)",4.0
465,002949.SZ,002949,华阳国际,建筑工程,25.24,1.0,2.0,2.0,22.24,"深圳市华阳旭日资产管理企业(有限合伙)
深圳市华阳中天资产管理企业(有限合伙)",2.0
466,300521.SZ,300521,爱司凯,专用机械,25.28,1.0,0.0,1.0,40.45,,0.0
467,002695.SZ,002695,煌上煌,食品,25.39,7.0,0.0,1.0,122.79,"中国工商银行股份有限公司-汇添富民营活力混合型证券投资基金
中信证券-建行-中信证券股债双赢集合资产管理计划
全国社保基金四一八组合
中国银行股份有限公司-平安匠心优选混合型证券投资基金
中国建设银行股份有限公司-汇添富价值创造定期开放混合型证券投资基金",5.0
468,603822.SH,603822,嘉澳环保,环境保护,25.64,9.0,0.0,1.0,19.48,,0.0
469,300378.SZ,300378,鼎捷软件,软件服务,25.74,1.0,2.0,3.0,75.72,,0.0
470,300840.SZ,300840,酷特智能,服饰,25.79,0.0,4.0,9.0,14.66,,0.0
471,688579.SH,688579,山大地纬,软件服务,25.82,5.0,0.0,1.0,9.99,,0.0
472,300634.SZ,300634,彩讯股份,软件服务,26.05,1.0,1.0,2.0,55.65,中国工商银行股份有限公司-易方达创业板交易型开放式指数证券投资基金,1.0
473,600694.SH,600694,大商股份,百货,26.18,3.0,2.0,2.0,83.45,"大连国际信托投资公司
中国工商银行股份有限公司-富国天惠精选成长混合型证券投资基金(LOF)
香港中央结算有限公司(陆股通)
中央汇金资产管理有限责任公司
中国农业银行股份有限公司-中证500交易型开放式指数证券投资基金
大连信托投资公司",6.0
474,603985.SH,603985,恒润股份,机械基件,26.3,0.0,1.0,2.0,51.51,广发证券股份有限公司-中庚小盘价值股票型证券投资基金,1.0
475,002389.SZ,002389,航天彩虹,元器件,26.59,0.0,2.0,3.0,144.22,"中国建设银行股份有限公司-富国中证军工龙头交易型开放式指数证券投资基金
中央汇金资产管理有限责任公司",2.0
476,600316.SH,600316,洪都航空,航空,27.2,0.0,1.0,1.0,188.6,"中国农业银行股份有限公司-中证500交易型开放式指数证券投资基金
中国农业银行股份有限公司-富国中证500指数增强型证券投资基金(LOF)
中央汇金资产管理有限责任公司",3.0
477,002216.SZ,002216,三全食品,食品,27.31,1.0,0.0,1.0,169.05,"中国农业银行股份有限公司-交银施罗德成长混合型证券投资基金
中国建设银行股份有限公司-交银施罗德蓝筹混合型证券投资基金
上海明河投资管理有限公司-明河成长2号私募证券投资基金",3.0
478,002896.SZ,002896,中大力德,机械基件,27.42,4.0,0.0,1.0,9.83,,0.0
479,300168.SZ,300168,万达信息,软件服务,27.55,1.0,0.0,1.0,346.66,"交通银行-融通行业景气证券投资基金
中国工商银行股份有限公司-融通中国风1号灵活配置混合型证券投资基金",2.0
480,688567.SH,688567,孚能科技,电气设备,27.74,3.0,0.0,1.0,41.27,,0.0
481,600739.SH,600739,辽宁成大,商贸代理,27.91,1.0,0.0,1.0,467.33,"香港中央结算有限公司(陆股通)
前海开源基金-民生银行-前海开源事件驱动集合资产管理计划
前海开源基金-民生银行-前海开源战略6号资产管理计划
前海开源基金-建设银行-前海开源定增3号资产管理计划",4.0
482,603136.SH,603136,天目湖,旅游景点,28.0,7.0,0.0,2.0,8.61,"上海蠡慧投资管理合伙企业(有限合伙)-蠡慧阿尔法契约型私募投资基金
华夏基金华兴7号股票型养老金产品-中国工商银行股份有限公司
华夏基金华益3号股票型养老金产品-中国建设银行股份有限公司
上海蠡慧投资管理合伙企业(有限合伙)-蠡慧成长1号私募投资基金
兴业证券股份有限公司-博道久航混合型证券投资基金
基本养老保险基金三零四组合
上海蠡慧投资管理合伙企业(有限合伙)-蠡慧阿尔法2号私募投资基金
华夏基金华兴8号股票型养老金产品-中国工商银行股份有限公司",8.0
483,300501.SZ,300501,海顺新材,广告包装,28.11,0.0,3.0,6.0,23.71,,0.0
484,002382.SZ,002382,蓝帆医疗,医疗保健,28.17,8.0,0.0,1.0,217.57,"上海高毅资产管理合伙企业(有限合伙)-高毅邻山1号远望基金
中国工商银行股份有限公司-景顺长城创新成长混合型证券投资基金
中国建设银行股份有限公司-景顺长城环保优势股票型证券投资基金
中泰证券资管-证券行业支持民企发展中泰资管2号FOF集合资管计划-证券行业支持民企发展系列之中泰资管11号单一资产管理计划
国信国投基金管理(北京)有限公司-北京华宇瑞泰股权投资合伙企业(有限合伙)
共青城胜恒投资管理有限公司-胜恒普惠一期私募投资基金
富安达基金-南京银行-富安达-富享14号股票型资产管理计划",7.0
485,002867.SZ,002867,周大生,服饰,28.21,8.0,0.0,1.0,212.68,"广发基金管理有限公司-社保基金四二零组合
招商银行股份有限公司-安信价值回报三年持有期混合型证券投资基金
香港中央结算有限公司(陆股通)
招商银行股份有限公司-东方阿尔法精选灵活配置混合型发起式证券投资基金
中国建设银行股份有限公司-安信价值精选股票型证券投资基金
全国社保基金一零一组合
交通银行-华夏蓝筹核心混合型证券投资基金(LOF)
全国社保基金五零三组合",8.0
486,000733.SZ,000733,振华科技,元器件,28.47,1.0,1.0,1.0,159.18,"中国建设银行股份有限公司-易方达国防军工混合型证券投资基金
贵州省贵鑫瑞和创业投资管理有限责任公司-贵州新动能产业投资基金合伙企业(有限合伙)
香港中央结算有限公司(陆股通)
中国建设银行股份有限公司-富国中证军工指数分级证券投资基金
财通基金-招商银行-财通基金-长昕1号资产管理计划
中国银行股份有限公司-国泰CES半导体行业交易型开放式指数证券投资基金
全国社保基金一零二组合
中国建设银行股份有限公司-鹏华中证国防指数分级证券投资基金",8.0
487,300847.SZ,300847,中船汉光,化工原料,28.51,0.0,5.0,10.0,12.79,,0.0
488,300551.SZ,300551,古鳌科技,IT设备,28.54,2.0,0.0,1.0,39.94,中国工商银行股份有限公司-金鹰核心资源混合型证券投资基金,1.0
489,603801.SH,603801,志邦家居,家居用品,28.9,3.0,0.0,1.0,67.6,"香港中央结算有限公司(陆股通)
中国工商银行股份有限公司-泰康策略优选灵活配置混合型证券投资基金
全国社保基金一一四组合",3.0
490,002019.SZ,002019,亿帆医药,化学制药,29.02,1.0,0.0,1.0,262.92,"金元顺安基金-宁波银行-华润深国投信托-华润信托·韶夏增利32号单一资金信托
香港中央结算有限公司(陆股通)
江苏一带一路投资基金(有限合伙)
中国农业银行股份有限公司-中证500交易型开放式指数证券投资基金
深圳国调招商并购股权投资基金合伙企业(有限合伙)",5.0
491,000786.SZ,000786,北新建材,其他建材,30.18,4.0,1.0,2.0,537.43,"兴业银行股份有限公司-兴全新视野灵活配置定期开放混合型发起式证券投资基金
香港中央结算有限公司(陆股通)
全国社保基金一零一组合
兴业银行股份有限公司-兴全趋势投资混合型证券投资基金
全国社保基金五零三组合
中国工商银行-汇添富成长焦点混合型证券投资基金",6.0
492,300839.SZ,300839,博汇股份,石油加工,30.3,7.0,0.0,1.0,8.0,,0.0
493,300775.SZ,300775,三角防务,航空,30.33,0.0,1.0,1.0,78.78,"中国建设银行股份有限公司-富国中证军工指数分级证券投资基金
中国农业银行股份有限公司-申万菱信中证军工指数分级证券投资基金
中国建设银行股份有限公司-国泰中证军工交易型开放式指数证券投资基金",3.0
494,300849.SZ,300849,锦盛新材,塑料,30.43,4.0,1.0,6.0,7.55,,0.0
495,300824.SZ,300824,北鼎股份,家用电器,30.48,8.0,1.0,3.0,18.41,,0.0
496,605108.SH,605108,同庆楼,酒店餐饮,30.83,2.0,2.0,4.0,15.4,,0.0
497,688108.SH,688108,赛诺医疗,医疗保健,30.9,8.0,0.0,2.0,16.99,深圳前海汇富雪球基金管理有限公司-汇富雪球医药医疗大健康一号基金,1.0
498,603989.SH,603989,艾华集团,元器件,31.33,2.0,1.0,1.0,122.01,"中国农业银行股份有限公司-国泰智能汽车股票型证券投资基金
香港中央结算有限公司(陆股通)
挪威中央银行-自有资金
基本养老保险基金八零二组合
全国社保基金一一三组合
交通银行股份有限公司-国泰金鹰增长灵活配置混合型证券投资基金",6.0
499,300566.SZ,300566,激智科技,元器件,31.5,8.0,0.0,1.0,38.08,"中国农业银行股份有限公司-宝盈转型动力灵活配置混合型证券投资基金
中信信托有限责任公司-中信信托成泉汇涌八期金融投资集合资金信托计划
上海泉汐投资管理有限公司-泉汐名扬多策略组合投资私募基金1号",3.0
500,300577.SZ,300577,开润股份,纺织,31.5,1.0,1.0,1.0,34.3,"中国农业银行股份有限公司-大成睿享混合型证券投资基金
香港中央结算有限公司(陆股通)
招商银行股份有限公司-鹏华新兴产业混合型证券投资基金
全国社保基金四零四组合
全国社保基金一零二组合
基本养老保险基金一二零三组合
鹏华基金-建设银行-中国人寿-中国人寿委托鹏华基金公司混合型组合",7.0
501,600079.SH,600079,人福医药,化学制药,31.61,1.0,1.0,1.0,451.53,"上海高毅资产管理合伙企业(有限合伙)-高毅邻山1号远望基金
基本养老保险基金八零二组合
全国社保基金一一三组合
中央汇金资产管理有限责任公司",4.0
502,603076.SH,603076,乐惠国际,专用机械,31.9,1.0,0.0,1.0,8.94,上海天戈投资管理有限公司-天戈紫旭私募基金,1.0
503,300843.SZ,300843,胜蓝股份,元器件,32.36,6.0,0.0,4.0,12.27,,0.0
504,300584.SZ,300584,海辰药业,化学制药,33.2,0.0,2.0,2.0,19.82,"中国建设银行股份有限公司-富国低碳新经济混合型证券投资基金
西藏信托有限公司-西藏信托-智臻33号集合资金信托计划",2.0
505,300690.SZ,300690,双一科技,电气设备,33.55,1.0,0.0,1.0,18.75,"北京益安资本管理有限公司-益安允升私募证券投资基金
中信银行股份有限公司-建信中证500指数增强型证券投资基金
兴业证券股份有限公司-博道久航混合型证券投资基金
中国建设银行股份有限公司-长城量化小盘股票型证券投资基金",4.0
506,600893.SH,600893,航发动力,航空,34.21,1.0,1.0,1.0,670.21,"香港中央结算有限公司(陆股通)
建信基金-兴业银行-杭州翀宋投资合伙企业(有限合伙)
中国华融资产管理股份有限公司
中央汇金资产管理有限责任公司",4.0
507,002897.SZ,002897,意华股份,元器件,34.43,3.0,1.0,1.0,25.34,"中国工商银行股份有限公司-鹏华丰盛稳固收益债券型证券投资基金
中国工商银行股份有限公司-国泰中证全指通信设备交易型开放式指数证券投资基金
中国建设银行股份有限公司-鹏华外延成长灵活配置混合型证券投资基金
中国银行股份有限公司-华夏中证5G通信主题交易型开放式指数证券投资基金
博时基金-国新投资有限公司-博时基金-国新2号单一资产管理计划
中国工商银行股份有限公司-农银汇理信息传媒主题股票型证券投资基金
中国建设银行股份有限公司-信达澳银新能源产业股票型证券投资基金
中国建设银行股份有限公司-鹏华丰收债券型证券投资基金",8.0
508,600456.SH,600456,宝钛股份,小金属,35.19,1.0,1.0,1.0,152.49,"西部信托有限公司-西部信托·陕煤-朱雀产业投资单一资金信托
中国建设银行股份有限公司-鹏华中证国防指数分级证券投资基金
中央汇金资产管理有限责任公司
朱雀基金-西部信托·陕煤-朱雀新材料产业投资单一资金信托-陕煤朱雀新材料产业资产管理计划",4.0
509,300238.SZ,300238,冠昊生物,医疗保健,35.4,1.0,2.0,5.0,96.34,"华融国际信托有限责任公司-华融·汇盈32号证券投资单一资金信托
广东智硕资产管理有限公司-智硕莲花1号私募证券投资基金
云南国际信托有限公司-云信-弘瑞29号集合资金信托计划
浙商金汇信托股份有限公司-浙金·冠昊生物1号员工持股集合资金信托计划",4.0
510,603456.SH,603456,九洲药业,化学制药,35.43,1.0,1.0,1.0,298.03,"中国建设银行股份有限公司-华夏医疗健康混合型发起式证券投资基金
全国社保基金六零二组合",2.0
511,603896.SH,603896,寿仙谷,中成药,35.68,4.0,1.0,1.0,52.94,,0.0
512,688488.SH,688488,艾迪药业,生物制药,35.78,3.0,2.0,2.0,18.07,,0.0
513,603351.SH,603351,威尔药业,化学制药,36.02,0.0,2.0,2.0,19.64,"招商银行股份有限公司-国泰聚优价值灵活配置混合型证券投资基金
中国工商银行股份有限公司-国泰鑫睿混合型证券投资基金
江苏人才创新创业投资二期基金(有限合伙)",3.0
514,000951.SZ,000951,中国重汽,汽车整车,36.17,3.0,1.0,1.0,262.39,"全国社保基金一零七组合
全国社保基金一一一组合
交通银行-融通行业景气证券投资基金
香港中央结算有限公司(陆股通)
全国社保基金一一零组合
全国社保基金一一六组合
中央汇金资产管理有限责任公司
中国农业银行股份有限公司-交银施罗德先进制造混合型证券投资基金",8.0
515,300701.SZ,300701,森霸传感,元器件,36.23,9.0,0.0,1.0,14.61,,0.0
516,688126.SH,688126,沪硅产业-U,半导体,37.07,8.0,0.0,2.0,194.37,,0.0
517,600754.SH,600754,锦江酒店,酒店餐饮,37.55,2.0,0.0,1.0,320.13,"华安未来资产-工商银行-安信信托股份有限公司
香港中央结算有限公司(陆股通)
中国农业银行股份有限公司-华安智能生活混合型证券投资基金
弘毅(上海)股权投资基金中心(有限合伙)
中国长城资产管理股份有限公司
上海国际集团资产管理有限公司
中国银行-华夏大盘精选证券投资基金
中国工商银行股份有限公司-华安媒体互联网混合型证券投资基金",8.0
518,600882.SH,600882,妙可蓝多,乳制品,37.66,3.0,1.0,1.0,163.06,"兴业银行股份有限公司-兴全趋势投资混合型证券投资基金
深圳前海厚生资产管理有限公司-厚生稳赢七号私募投资基金
兴业银行股份有限公司-兴全新视野灵活配置定期开放混合型发起式证券投资基金
兴业国际信托有限公司-兴业信托·广泽股份1号员工持股集合资金信托计划",4.0
519,002960.SZ,002960,青鸟消防,专用机械,38.16,2.0,0.0,1.0,24.02,,0.0
520,300233.SZ,300233,金城医药,化学制药,38.39,1.0,1.0,2.0,155.94,"香港中央结算有限公司(陆股通)
华泰证券股份有限公司-中庚价值领航混合型证券投资基金
光大永明资管-兴业银行-光大永明资产聚财121号定向资产管理产品
广发证券股份有限公司-中庚小盘价值股票型证券投资基金
海通证券资管-工商银行-海通投融宝1号集合资产管理计划",5.0
521,603799.SH,603799,华友钴业,小金属,38.68,9.0,0.0,1.0,439.56,"全国社保基金一零七组合
香港中央结算有限公司(陆股通)
中国农业银行股份有限公司-华安智能生活混合型证券投资基金
中国建设银行股份有限公司-富国中证新能源汽车指数分级证券投资基金
中国工商银行股份有限公司-广发价值优势混合型证券投资基金
中国银行股份有限公司-华夏中证新能源汽车交易型开放式指数证券投资基金
中国工商银行股份有限公司-华安媒体互联网混合型证券投资基金",7.0
522,002798.SZ,002798,帝欧家居,家居用品,39.0,4.0,1.0,1.0,92.37,"交通银行-融通行业景气证券投资基金
香港中央结算有限公司(陆股通)
中国工商银行股份有限公司-融通中国风1号灵活配置混合型证券投资基金",3.0
523,002918.SZ,002918,蒙娜丽莎,其他建材,39.1,4.0,0.0,1.0,57.52,"无锡汇蠡投资管理中心(有限合伙)-汇蠡水晶稳健私募证券投资基金
富达基金(香港)有限公司-客户资金
中国工商银行股份有限公司-汇添富外延增长主题股票型证券投资基金
基本养老保险基金一二零四组合
招商银行股份有限公司-汇添富绝对收益策略定期开放混合型发起式证券投资基金
中国工商银行股份有限公司-诺安先锋混合型证券投资基金",6.0
524,002414.SZ,002414,高德红外,电器仪表,39.16,1.0,1.0,1.0,521.49,"中国建设银行股份有限公司-广发科技先锋混合型证券投资基金
香港中央结算有限公司(陆股通)
中国建设银行股份有限公司-富国中证军工指数分级证券投资基金
上海浦东发展银行股份有限公司-广发小盘成长混合型证券投资基金(LOF)
中国建设银行股份有限公司-鹏华中证国防指数分级证券投资基金
全国社保基金四零六组合",6.0
525,603069.SH,603069,海汽集团,公路,39.17,1.0,2.0,5.0,126.59,,0.0
526,002803.SZ,002803,吉宏股份,互联网,39.32,1.0,1.0,2.0,121.3,"上海浦东发展银行股份有限公司-广发小盘成长混合型证券投资基金(LOF)
华夏基金管理有限公司-社保基金四二二组合
中国银行股份有限公司-华夏行业精选混合型证券投资基金(LOF)
中国建设银行股份有限公司-广发多元新兴股票型证券投资基金",4.0
527,600593.SH,600593,大连圣亚,旅游服务,40.27,7.0,0.0,1.0,52.94,"磐京股权投资基金管理(上海)有限公司
磐京股权投资基金管理(上海)有限公司-磐京稳赢6号私募证券投资基金",2.0
528,002978.SZ,002978,安宁股份,小金属,40.46,3.0,1.0,1.0,17.82,,0.0
529,002623.SZ,002623,亚玛顿,玻璃,40.49,8.0,0.0,1.0,71.79,"交通银行股份有限公司-浦银安盛增长动力灵活配置混合型证券投资基金
中国银行股份有限公司-海富通股票混合型证券投资基金
中国国际金融香港资产管理有限公司-客户资金
中央汇金资产管理有限责任公司",4.0
530,002890.SZ,002890,弘宇股份,农用机械,40.95,1.0,1.0,2.0,18.4,,0.0
531,603722.SH,603722,阿科力,化工原料,40.97,1.0,2.0,2.0,17.07,中国农业银行股份有限公司-华夏复兴混合型证券投资基金,1.0
532,002829.SZ,002829,星网宇达,通信设备,41.38,0.0,1.0,1.0,32.25,"中国建设银行股份有限公司-长信国防军工量化灵活配置混合型证券投资基金
中国农业银行-华夏平稳增长混合型证券投资基金",2.0
533,300673.SZ,300673,佩蒂股份,饲料,41.69,2.0,1.0,1.0,37.84,"基本养老保险基金一二零六组合
中国工商银行股份有限公司-银华心诚灵活配置混合型证券投资基金
中国农业银行股份有限公司-景顺长城中小板创业板精选股票型证券投资基金
银华基金-光大银行-滴水1号资产管理计划",4.0
534,300689.SZ,300689,澄天伟业,元器件,41.96,3.0,1.0,1.0,7.98,,0.0
535,600161.SH,600161,天坛生物,生物制药,42.27,1.0,1.0,1.0,589.21,"香港中央结算有限公司(陆股通)
中国银行股份有限公司-易方达中小盘混合型证券投资基金
中央汇金资产管理有限责任公司
中国银行股份有限公司-易方达蓝筹精选混合型证券投资基金",4.0
536,603718.SH,603718,海利生物,生物制药,42.33,1.0,2.0,4.0,284.84,,0.0
537,300609.SZ,300609,汇纳科技,互联网,42.66,1.0,1.0,1.0,28.11,"中国建设银行股份有限公司-融通互联网传媒灵活配置混合型证券投资基金
嘉实基金-招商银行-嘉实基金睿见高增长1号资产管理计划
中国农业银行股份有限公司-嘉实新兴产业股票型证券投资基金
嘉实基金-招商银行-华润深国投信托-华润信托·恒盛集合资金信托计划",4.0
538,688310.SH,688310,迈得医疗,医疗保健,42.98,9.0,0.0,1.0,8.51,,0.0
539,300715.SZ,300715,凯伦股份,其他建材,43.04,4.0,1.0,1.0,36.94,"中国银行股份有限公司-国泰融安多策略灵活配置混合型证券投资基金
交通银行股份有限公司-农银汇理行业成长混合型证券投资基金",2.0
540,600685.SH,600685,中船防务,船舶,43.4,0.0,3.0,5.0,336.79,"金鹰基金-工商银行-金鹰穗通9号资产管理计划
中国建设银行股份有限公司-富国中证军工指数分级证券投资基金
香港中央结算有限公司(陆股通)
易方达基金-中央汇金资产管理有限责任公司-易方达基金-汇金资管单一资产管理计划",4.0
541,603187.SH,603187,海容冷链,机械基件,43.78,2.0,1.0,1.0,54.29,"博信优选(天津)股权投资基金合伙企业(有限合伙)
中国光大银行股份有限公司-兴全商业模式优选混合型证券投资基金(LOF)
中国工商银行股份有限公司-广发价值优势混合型证券投资基金",3.0
542,300853.SZ,300853,N申昊,机械基件,43.79,0.0,1.0,1.0,0.0,,0.0
543,603991.SH,603991,至正股份,塑料,43.96,1.0,0.0,3.0,33.17,上海纳华资产管理有限公司,1.0
544,002891.SZ,002891,中宠股份,饲料,44.56,1.0,0.0,1.0,47.58,"全国社保基金五零二组合
中国农业银行股份有限公司-景顺长城中小板创业板精选股票型证券投资基金
中国建设银行股份有限公司-富国低碳新经济混合型证券投资基金",3.0
545,688186.SH,688186,广大特材,特种钢,45.0,4.0,1.0,2.0,17.04,,0.0
546,300298.SZ,300298,三诺生物,医疗保健,45.0,1.0,3.0,3.0,215.13,"香港中央结算有限公司(陆股通)
广东省铁路发展基金有限责任公司
招商银行股份有限公司-睿远均衡价值三年持有期混合型证券投资基金
招商银行股份有限公司-睿远成长价值混合型证券投资基金
湖南省信托有限责任公司-湖南信托·三诺生物1号集合资金信托计划",5.0
547,002705.SZ,002705,新宝股份,家用电器,45.1,1.0,0.0,2.0,398.93,"浙江义乌市檀真投资管理合伙企业(有限合伙)-正心谷价值中国精选私募证券投资基金
全国社保基金一零七组合
香港中央结算有限公司(陆股通)
全国社保基金一零三组合
中央汇金资产管理有限责任公司
招商银行股份有限公司-鹏华新兴产业混合型证券投资基金
全国社保基金四零四组合
鹏华基金-建设银行-中国人寿-中国人寿委托鹏华基金公司混合型组合",8.0
548,688396.SH,688396,华润微,元器件,45.11,8.0,0.0,1.0,115.72,"广东尚伟投资管理有限责任公司-尚泰1号证券投资基金
中国农业银行股份有限公司-长城久嘉创新成长灵活配置混合型证券投资基金
中国工商银行股份有限公司-广发聚瑞混合型证券投资基金
广东尚伟投资管理有限责任公司-尚泰2号证券投资基金
中国工商银行股份有限公司-诺安成长股票型证券投资基金
交通银行股份有限公司-诺安和鑫保本混合型证券投资基金",6.0
549,300723.SZ,300723,一品红,化学制药,45.74,8.0,0.0,1.0,22.15,"中国农业银行股份有限公司-国泰金牛创新成长混合型证券投资基金
招商银行股份有限公司-国泰聚优价值灵活配置混合型证券投资基金
广发银行股份有限公司-国泰聚信价值优势灵活配置混合型证券投资基金
中国工商银行股份有限公司-国泰鑫睿混合型证券投资基金",4.0
550,002025.SZ,002025,航天电器,元器件,45.9,1.0,1.0,1.0,202.14,"中国建设银行股份有限公司-易方达国防军工混合型证券投资基金
中国建设银行股份有限公司-富国中证军工指数分级证券投资基金
中国建设银行股份有限公司-富国中证军工龙头交易型开放式指数证券投资基金
中央汇金资产管理有限责任公司
中国建设银行股份有限公司-鹏华中证国防指数分级证券投资基金
广发银行股份有限公司-国泰聚信价值优势灵活配置混合型证券投资基金",6.0
551,603078.SH,603078,江化微,化工原料,47.48,9.0,0.0,1.0,71.66,"深圳菁英时代资本管理有限公司-菁英时代久盈5号私募证券投资基金
中国银行股份有限公司-国泰CES半导体行业交易型开放式指数证券投资基金",2.0
552,600196.SH,600196,复星医药,化学制药,48.12,0.0,1.0,2.0,957.22,"香港中央结算有限公司(陆股通)
全国社保基金一一零组合
中央汇金资产管理有限责任公司
基本养老保险基金八零二组合
全国社保基金一一三组合",5.0
553,300674.SZ,300674,宇信科技,软件服务,49.73,4.0,1.0,1.0,146.36,"珠海爱康佳华资产管理合伙企业(有限合伙)
华侨星城(上海)股权投资基金合伙企业(有限合伙)",2.0
554,603267.SH,603267,鸿远电子,元器件,49.8,1.0,1.0,1.0,81.06,"香港中央结算有限公司(陆股通)
中国建设银行股份有限公司-泰康产业升级混合型证券投资基金
中国工商银行股份有限公司-嘉实企业变革股票型证券投资基金
全国社保基金一零二组合
宁波金信资产管理中心(有限合伙)-金源私募证券投资基金",5.0
555,688336.SH,688336,三生国健,生物制药,50.1,2.0,1.0,1.0,30.34,,0.0
556,300620.SZ,300620,光库科技,元器件,50.35,9.0,0.0,1.0,46.76,,0.0
557,002626.SZ,002626,金达威,食品,50.76,1.0,2.0,6.0,326.69,"香港中央结算有限公司(陆股通)
全国社保基金一零二组合
全国社保基金六零四组合",3.0
558,300845.SZ,300845,捷安高科,软件服务,51.0,6.0,0.0,4.0,11.52,,0.0
559,688288.SH,688288,鸿泉物联,汽车配件,51.0,8.0,0.0,1.0,12.48,中国农业银行股份有限公司-中海消费主题精选混合型证券投资基金,1.0
560,601012.SH,601012,隆基股份,电气设备,51.2,1.0,1.0,1.0,1985.88,"香港中央结算有限公司(陆股通)
招商银行股份有限公司-兴全合宜灵活配置混合型证券投资基金(LOF)
西部信托有限公司-西部信托·陕煤-朱雀产业投资单一资金信托
中央汇金资产管理有限责任公司",4.0
561,603416.SH,603416,信捷电气,电气设备,51.45,1.0,1.0,1.0,52.13,"全国社保基金五零二组合
中国建设银行股份有限公司-交银施罗德阿尔法核心混合型证券投资基金
中国农业银行股份有限公司-交银施罗德先进制造混合型证券投资基金
中国工商银行股份有限公司-交银施罗德优势行业灵活配置混合型证券投资基金",4.0
562,300280.SZ,300280,紫天科技,专用机械,51.85,9.0,1.0,1.0,84.78,"上海韫然投资管理有限公司-新兴成长五期私募证券投资基金
上海合锦投资管理有限公司-合锦稳健私募基金
中阅资本管理股份公司-中阅被动管理2号私募证券投资基金
中央汇金资产管理有限责任公司
中阅资本管理股份公司-中阅被动管理3号私募证券投资基金",5.0
563,603638.SH,603638,艾迪精密,专用机械,51.9,1.0,0.0,1.0,300.51,香港中央结算有限公司(陆股通),1.0
564,300662.SZ,300662,科锐国际,综合类,52.69,3.0,0.0,2.0,98.1,"中国建设银行股份有限公司-富国天博创新主题混合型证券投资基金
中国农业银行股份有限公司-华夏复兴混合型证券投资基金
全国社保基金四零三组合
广发基金管理有限公司-社保基金四二零组合
中国工商银行股份有限公司-易方达新兴成长灵活配置混合型证券投资基金
中国国际金融香港资产管理有限公司-客户资金",6.0
565,300856.SZ,300856,科思股份,化工原料,53.25,0.0,3.0,3.0,13.66,,0.0
566,603590.SH,603590,康辰药业,化学制药,53.82,2.0,1.0,3.0,46.19,香港中央结算有限公司(陆股通),1.0
567,002007.SZ,002007,华兰生物,生物制药,53.88,1.0,0.0,1.0,907.28,"中国银行股份有限公司-易方达蓝筹精选混合型证券投资基金
交通银行-易方达50指数证券投资基金
香港中央结算有限公司(陆股通)
中央汇金资产管理有限责任公司
中国银行股份有限公司-易方达中小盘混合型证券投资基金",5.0
568,688418.SH,688418,震有科技,通信设备,54.42,1.0,2.0,2.0,21.81,,0.0
569,300850.SZ,300850,新强联,机械基件,54.95,0.0,3.0,8.0,13.24,,0.0
570,688309.SH,688309,恒誉环保,环境保护,55.88,8.0,0.0,1.0,10.68,,0.0
571,300741.SZ,300741,华宝股份,食品,57.16,8.0,0.0,1.0,73.59,"香港中央结算有限公司(陆股通)
中国银行股份有限公司-广发中证养老产业指数型发起式证券投资基金
中国农业银行股份有限公司-国泰国证食品饮料行业指数分级证券投资基金
汇添富基金管理股份有限公司-社保基金四二三组合
中国工商银行股份有限公司-易方达创业板交易型开放式指数证券投资基金",5.0
572,600585.SH,600585,海螺水泥,水泥,58.85,4.0,1.0,1.0,2441.82,"香港中央结算有限公司(陆股通)
中国工商银行-上证50交易型开放式指数证券投资基金
中央汇金资产管理有限责任公司
高瓴资本管理有限公司-HCM中国基金",4.0
573,300848.SZ,300848,美瑞新材,化工原料,59.41,0.0,5.0,5.0,9.0,,0.0
574,603353.SH,603353,和顺石油,石油贸易,59.7,2.0,1.0,1.0,20.18,,0.0
575,603661.SH,603661,恒林股份,家居用品,60.23,2.0,1.0,2.0,17.68,中国建设银行股份有限公司-长城量化小盘股票型证券投资基金,1.0
576,688321.SH,688321,微芯生物,化学制药,61.24,9.0,0.0,1.0,29.97,,0.0
577,300810.SZ,300810,中科海讯,软件服务,61.48,1.0,1.0,1.0,12.59,,0.0
578,600298.SH,600298,安琪酵母,食品,61.56,8.0,0.0,1.0,542.9,"香港中央结算有限公司(陆股通)
中央汇金资产管理有限责任公司
汇添富基金管理股份有限公司-社保基金四二三组合
全国社保基金四零六组合
中国农业银行股份有限公司-富兰克林国海弹性市值混合型证券投资基金",5.0
579,000860.SZ,000860,顺鑫农业,白酒,62.29,7.0,0.0,1.0,496.98,"深圳大禾投资管理有限公司-大禾投资-掘金5号私募投资基金
中国建设银行股份有限公司-汇添富消费行业混合型证券投资基金
香港中央结算有限公司(陆股通)
全国社保基金一一零组合
中国银行股份有限公司-招商中证白酒指数分级证券投资基金
全国社保基金四一四组合
中央汇金资产管理有限责任公司
全国社保基金四零六组合
中国农业银行股份有限公司-易方达消费行业股票型证券投资基金",9.0
580,688085.SH,688085,三友医疗,医疗保健,63.85,9.0,0.0,1.0,30.66,,0.0
581,002940.SZ,002940,昂利康,化学制药,63.92,1.0,1.0,2.0,28.87,"中国农业银行股份有限公司-国泰金牛创新成长混合型证券投资基金
深圳前海行健资本管理有限公司-前海行健玄策二号私募证券投资基金
中国银行股份有限公司-国泰鑫利一年持有期混合型证券投资基金
中国工商银行股份有限公司-国泰鑫睿混合型证券投资基金
广发银行股份有限公司-国泰聚信价值优势灵活配置混合型证券投资基金",5.0
582,300683.SZ,300683,海特生物,生物制药,64.58,1.0,1.0,1.0,31.79,"上海天倚道投资管理有限公司-天倚道-幻方星辰3号私募基金
德同新能(上海)股权投资基金企业(有限合伙)
山东省国际信托股份有限公司-山东信托·柒伍玖单一证券投资信托
山西恒天成投资管理有限公司-恒立7号私募证券投资基金",4.0
583,300837.SZ,300837,浙矿股份,专用机械,64.71,4.0,0.0,1.0,16.0,,0.0
584,300394.SZ,300394,天孚通信,通信设备,65.1,8.0,0.0,1.0,123.21,"中国建设银行股份有限公司-易方达信息产业混合型证券投资基金
全国社保基金一一五组合
中国工商银行股份有限公司-财通价值动量混合型证券投资基金
招商银行股份有限公司-鹏华新兴产业混合型证券投资基金
中国工商银行股份有限公司-财通成长优选混合型证券投资基金
中国银行股份有限公司-华夏中证5G通信主题交易型开放式指数证券投资基金
鹏华基金-建设银行-中国人寿-中国人寿委托鹏华基金公司混合型组合",7.0
585,603378.SH,603378,亚士创能,染料涂料,65.6,1.0,0.0,1.0,47.15,"全国社保基金五零二组合
富达基金(香港)有限公司-客户资金
平安银行股份有限公司-平安智慧中国灵活配置混合型证券投资基金
大华资产管理有限公司-大华中国A股创新基金
辽宁海通新能源低碳产业股权投资基金有限公司
中国银行股份有限公司-平安匠心优选混合型证券投资基金
中国工商银行股份有限公司-诺安先锋混合型证券投资基金",7.0
586,600760.SH,600760,中航沈飞,航空,65.8,1.0,2.0,3.0,270.64,"中国建设银行股份有限公司-易方达国防军工混合型证券投资基金
中国银行股份有限公司-国投瑞银国家安全灵活配置混合型证券投资基金
香港中央结算有限公司(陆股通)
中国建设银行股份有限公司-富国中证军工指数分级证券投资基金
中国建设银行股份有限公司-富国中证军工龙头交易型开放式指数证券投资基金
中国华融资产管理股份有限公司
中国建设银行股份有限公司-鹏华中证国防指数分级证券投资基金
中国农业银行股份有限公司-嘉实环保低碳股票型证券投资基金",8.0
587,600779.SH,600779,水井坊,白酒,66.0,7.0,0.0,1.0,341.18,"易方达基金-工商银行-外贸信托-外贸信托·稳富FOF单一资金信托
中国光大银行股份有限公司-泓德优选成长混合型证券投资基金
香港中央结算有限公司(陆股通)
中国农业银行股份有限公司-景顺长城沪深300指数增强型证券投资基金
中国银行股份有限公司-招商中证白酒指数分级证券投资基金
交通银行-鹏华中国50开放式证券投资基金
中国银行股份有限公司-易方达中小盘混合型证券投资基金
天津礼仁投资管理合伙企业(有限合伙)-卓越长青私募证券投资基金",8.0
588,688500.SH,688500,慧辰资讯,互联网,66.11,6.0,0.0,1.0,12.88,,0.0
589,300851.SZ,300851,交大思诺,软件服务,66.53,0.0,5.0,6.0,13.14,,0.0
590,688002.SH,688002,睿创微纳,通信设备,67.2,9.0,1.0,1.0,157.86,"中国工商银行股份有限公司-景顺长城创新成长混合型证券投资基金
中国银行股份有限公司-景顺长城优选混合型证券投资基金
中信证券-中信银行-中信证券红利价值一年持有混合型集合资产管理计划
中信证券-建设银行-中信证券臻选价值成长混合型集合资产管理计划
中国光大银行股份有限公司-泰信先行策略开放式证券投资基金
招商银行股份有限公司-睿远成长价值混合型证券投资基金
中国工商银行股份有限公司-嘉实企业变革股票型证券投资基金
平安基金-中国平安人寿保险股份有限公司-分红-个险分红-平安人寿-平安基金权益委托投资2号单一资产管理计划
中国银行股份有限公司-泰信中小盘精选股票型证券投资基金
招商银行股份有限公司-交银施罗德创新领航混合型证券投资基金
全国社保基金一一八组合
中国建设银行股份有限公司-景顺长城环保优势股票型证券投资基金",12.0
591,603976.SH,603976,正川股份,医疗保健,67.23,0.0,1.0,1.0,25.27,,0.0
592,688181.SH,688181,八亿时空,半导体,68.24,8.0,0.0,1.0,16.11,"中国工商银行股份有限公司-汇添富科技创新灵活配置混合型证券投资基金
汇添富基金-国新投资有限公司-汇添富基金-国新2号单一资产管理计划
中国工商银行股份有限公司-汇添富民营活力混合型证券投资基金",3.0
593,300502.SZ,300502,新易盛,通信设备,68.3,8.0,0.0,1.0,171.62,"中国建设银行股份有限公司-易方达信息产业混合型证券投资基金
中国工商银行股份有限公司-财通成长优选混合型证券投资基金
中国银行股份有限公司-华夏中证5G通信主题交易型开放式指数证券投资基金",3.0
594,002920.SZ,002920,德赛西威,汽车配件,69.5,3.0,0.0,1.0,92.2,"大家资产-民生银行-大家资产-盛世精选2号集合资产管理产品(第二期)
广发基金管理有限公司-社保基金四二零组合
中国光大银行股份有限公司-兴全商业模式优选混合型证券投资基金(LOF)
香港中央结算有限公司(陆股通)
基本养老保险基金一二零七组合
招商银行股份有限公司-兴全合润分级混合型证券投资基金
宁波梅山保税港区智石资产管理有限公司-智石私募证券投资基金
中国农业银行股份有限公司-中证500交易型开放式指数证券投资基金
招商银行股份有限公司-兴全轻资产投资混合型证券投资基金(LOF)",9.0
595,688589.SH,688589,力合微,半导体,70.8,1.0,1.0,1.0,20.75,,0.0
596,688077.SH,688077,大地熊,元器件,71.0,1.0,2.0,2.0,15.38,,0.0
597,300813.SZ,300813,泰林生物,医疗保健,71.0,9.0,1.0,2.0,9.84,,0.0
598,688981.SH,688981,中芯国际-U,半导体,71.95,6.0,0.0,1.0,819.49,,0.0
599,000710.SZ,000710,贝瑞基因,医疗保健,72.29,0.0,2.0,2.0,99.95,"中国工商银行股份有限公司-万家自主创新混合型证券投资基金
招商银行股份有限公司-兴全合润分级混合型证券投资基金
招商银行股份有限公司-兴全合宜灵活配置混合型证券投资基金(LOF)
基本养老保险基金八零二组合
海通兴泰(安徽)新兴产业投资基金(有限合伙)
交通银行股份有限公司-万家行业优选混合型证券投资基金(LOF)",6.0
600,000526.SZ,000526,紫光学大,文教休闲,74.67,3.0,1.0,3.0,79.81,,0.0
601,603520.SH,603520,司太立,化学制药,79.1,1.0,0.0,1.0,204.22,"中国工商银行股份有限公司-中欧医疗健康混合型证券投资基金
兴业银行股份有限公司-中欧新趋势股票型证券投资基金(LOF)
上海睿亿投资发展中心(有限合伙)-睿亿投资攀山七期私募证券投资基金
中国建设银行股份有限公司-汇添富创新医药主题混合型证券投资基金",4.0
602,300767.SZ,300767,震安科技,橡胶,79.61,8.0,0.0,2.0,70.6,"华夏基金管理有限公司-社保基金四二二组合
中国银行股份有限公司-华夏行业精选混合型证券投资基金(LOF)
中信信托有限责任公司-中信信托成泉汇涌八期金融投资集合资金信托计划
交通银行股份有限公司-华安策略优选混合型证券投资基金
北京丰实联合投资基金(有限合伙)",5.0
603,603517.SH,603517,绝味食品,食品,80.17,1.0,0.0,1.0,511.19,"广发基金管理有限公司-社保基金四二零组合
香港中央结算有限公司(陆股通)
中信银行股份有限公司-交银施罗德新生活力灵活配置混合型证券投资基金
全国社保基金一零一组合
招商银行股份有限公司-交银施罗德新成长混合型证券投资基金
招商银行股份有限公司-交银施罗德瑞丰三年封闭运作混合型证券投资基金",6.0
604,300842.SZ,300842,帝科股份,半导体,81.35,7.0,0.0,1.0,20.58,,0.0
605,300226.SZ,300226,上海钢联,互联网,81.55,9.0,0.0,1.0,151.71,"中国工商银行股份有限公司-易方达新兴成长灵活配置混合型证券投资基金
中国工商银行股份有限公司-富国天惠精选成长混合型证券投资基金(LOF)
上海申九资产管理有限公司-申九积极进取3号证券私募投资基金
全国社保基金四一四组合
杭州睿星投资管理有限公司-睿星财富2号证券投资基金
基本养老保险基金一二零二组合",6.0
606,688026.SH,688026,洁特生物,塑料,82.05,9.0,0.0,1.0,20.03,,0.0
607,002594.SZ,002594,比亚迪,汽车整车,83.0,9.0,0.0,1.0,1015.93,"先进制造产业投资基金(有限合伙)
建信基金-农业银行-华鑫信托-华鑫信托·华融金融小镇-九智1号集合资金信托计划
香港中央结算有限公司(陆股通)
国寿安保基金-渤海银行-华鑫信托-华鑫信托·华融金融小镇-九智2号集合资金信托计划",4.0
608,603129.SH,603129,春风动力,摩托车,89.99,1.0,0.0,1.0,62.28,"兴业银行股份有限公司-工银瑞信文体产业股票型证券投资基金
基本养老保险基金一六零二一组合
鹏华基金-建设银行-中国人寿-中国人寿保险(集团)公司委托鹏华基金管理有限公司定增组合
中国国际金融香港资产管理有限公司-客户资金
全国社保基金五零三组合
中国工商银行股份有限公司-富国龙头优势混合型证券投资基金
中信信托有限责任公司-中信信托锐进52期泓澄投资集合资金信托计划",7.0
609,300496.SZ,300496,中科创达,软件服务,94.03,8.0,0.0,1.0,284.61,"中国工商银行股份有限公司-富国创新科技混合型证券投资基金
中国工商银行股份有限公司-易方达新兴成长灵活配置混合型证券投资基金
香港中央结算有限公司(陆股通)
全国社保基金一一零组合
中国工商银行股份有限公司-易方达创业板交易型开放式指数证券投资基金
全国社保基金四零六组合
全国社保基金六零二组合",7.0
610,688036.SH,688036,传音控股,通信设备,96.8,1.0,1.0,2.0,79.7,"基本养老保险基金一二零一组合
中国农业银行-大成创新成长混合型证券投资基金
中国建设银行股份有限公司-大成科创主题3年封闭运作灵活配置混合型证券投资基金
全国社保基金四一一组合
基本养老保险基金八零二组合
中国银行股份有限公司-宝盈核心优势灵活配置混合型证券投资基金
全国社保基金一一三组合
中国农业银行股份有限公司-宝盈转型动力灵活配置混合型证券投资基金
中国农业银行-大成精选增值混合型证券投资基金",9.0
611,688069.SH,688069,德林海,环境保护,98.72,2.0,1.0,1.0,13.17,,0.0
612,600211.SH,600211,西藏药业,中成药,101.9,0.0,2.0,5.0,241.09,,0.0
613,688266.SH,688266,泽璟制药-U,化学制药,103.0,9.0,0.0,2.0,62.27,"中信银行股份有限公司-农银汇理创新医疗混合型证券投资基金
上海乘安资产管理有限公司-乘安99传承1号私募证券投资基金",2.0
614,603666.SH,603666,亿嘉和,专用机械,104.18,2.0,1.0,1.0,43.46,"中国工商银行股份有限公司-易方达行业领先企业混合型证券投资基金
易方达基金-建设银行-中国人寿-中国人寿委托易方达基金公司混合型组合
中国工商银行-易方达价值成长混合型证券投资基金
广发基金管理有限公司-社保基金四二零组合
江苏华泰战略新兴产业投资基金(有限合伙)
香港中央结算有限公司(陆股通)
易方达基金-工商银行-易方达聚鑫5号资产管理计划
全国社保基金六零四组合",8.0
615,688277.SH,688277,天智航-U,医疗保健,111.1,8.0,1.0,3.0,41.05,,0.0
616,300852.SZ,300852,四会富仕,元器件,112.28,0.0,5.0,10.0,14.45,,0.0
617,688180.SH,688180,君实生物-U,生物制药,114.36,7.0,0.0,1.0,84.15,,0.0
618,002049.SZ,002049,紫光国微,元器件,116.75,9.0,1.0,1.0,752.33,"香港中央结算有限公司(陆股通)
中国工商银行股份有限公司-广发国证半导体芯片交易型开放式指数证券投资基金
国泰君安证券股份有限公司-国联安中证全指半导体产品与设备交易型开放式指数证券投资基金
中央汇金资产管理有限责任公司
中国银行股份有限公司-国泰CES半导体行业交易型开放式指数证券投资基金
中国建设银行股份有限公司-华夏国证半导体芯片交易型开放式指数证券投资基金",6.0
619,002791.SZ,002791,坚朗五金,其他建材,126.11,1.0,0.0,2.0,202.08,"全国社保基金四一三组合
广发基金管理有限公司-社保基金四二零组合",2.0
620,688508.SH,688508,芯朋微,半导体,127.0,1.0,1.0,1.0,36.78,,0.0
621,603737.SH,603737,三棵树,染料涂料,130.0,1.0,1.0,1.0,354.21,"富达基金(香港)有限公司-客户资金
中国农业银行股份有限公司-鹏华动力增长混合型证券投资基金(LOF)
香港中央结算有限公司(陆股通)
交通银行-融通行业景气证券投资基金
中国建设银行股份有限公司-国泰价值经典灵活配置混合型证券投资基金(LOF)
挪威中央银行-自有资金
交通银行股份有限公司-国泰金鹰增长灵活配置混合型证券投资基金",7.0
622,688561.SH,688561,奇安信-U,软件服务,131.72,2.0,1.0,1.0,90.7,,0.0
623,688366.SH,688366,昊海生科,生物制药,133.51,1.0,0.0,1.0,22.32,"中国银行股份有限公司-博时医疗保健行业混合型证券投资基金
中国农业银行股份有限公司-交银施罗德成长混合型证券投资基金
中国建设银行股份有限公司-交银施罗德蓝筹混合型证券投资基金",3.0
624,002977.SZ,002977,天箭科技,通信设备,134.0,1.0,1.0,1.0,25.58,"磐厚蔚然(上海)资产管理有限公司-磐厚蔚然-钰悦3号私募投资基金
深圳瑞福资产管理有限公司-温瑞福6号私募证券投资基金
磐厚蔚然(上海)资产管理有限公司-磐厚蔚然-禾天下2号结构化私募基金
杭州斌诺资产管理有限公司-斌诺启航1号私募证券投资基金
深圳瑞福资产管理有限公司-温瑞福9号私募证券投资基金",5.0
625,002959.SZ,002959,小熊电器,家用电器,145.92,1.0,0.0,2.0,63.23,"全国社保基金五零二组合
中国银行股份有限公司-华安汇智精选两年持有期混合型证券投资基金
中国工商银行股份有限公司-南方新优享灵活配置混合型证券投资基金
中国建设银行股份有限公司-南方现代教育股票型证券投资基金
中国工商银行股份有限公司-广发价值优势混合型证券投资基金
中国银行股份有限公司-大成优选混合型证券投资基金(LOF)
中国建设银行股份有限公司-华宝事件驱动混合型证券投资基金
中国工商银行股份有限公司-南方ESG主题股票型证券投资基金
中国建设银行-宝康消费品证券投资基金",9.0
626,300122.SZ,300122,智飞生物,生物制药,149.1,1.0,1.0,2.0,1392.47,"尚信健投资产管理(上海)有限责任公司-尚信健投-恒兴私募证券投资基金
招商银行股份有限公司-汇添富医疗服务灵活配置混合型证券投资基金
香港中央结算有限公司(陆股通)
尚信健投资产管理(上海)有限责任公司-尚投道私募证券投资基金
云南国际信托有限公司-云南信托-智飞生物2019第二期员工持股集合资金信托计划
东莞信托有限公司-东莞信托·汇信-惠正稳健集合资金信托计划",6.0
627,300677.SZ,300677,英科医疗,医疗保健,149.18,7.0,0.0,2.0,255.31,"中国工商银行股份有限公司-中欧医疗健康混合型证券投资基金
中国银行股份有限公司-广发医疗保健股票型证券投资基金
中国建设银行股份有限公司-工银瑞信前沿医疗股票型证券投资基金
中国银行股份有限公司-工银瑞信医疗保健行业股票型证券投资基金",4.0
628,688580.SH,688580,伟思医疗,医疗保健,150.85,3.0,1.0,1.0,26.2,,0.0
629,688051.SH,688051,佳华科技,软件服务,157.27,8.0,0.0,1.0,28.57,上海明汯投资管理有限公司-明汯多策略对冲1号基金,1.0
630,000596.SZ,000596,古井贡酒,白酒,181.25,7.0,0.0,1.0,743.42,"香港中央结算有限公司(陆股通)
中国银行股份有限公司-招商中证白酒指数分级证券投资基金
中央汇金资产管理有限责任公司
中国工商银行股份有限公司-景顺长城新兴成长混合型证券投资基金
中国农业银行股份有限公司-易方达消费行业股票型证券投资基金",5.0
631,300750.SZ,300750,宁德时代,电气设备,198.68,9.0,0.0,1.0,2616.63,"香港中央结算有限公司(陆股通)
上海尚颀投资管理合伙企业(有限合伙)-常州颀德股权投资基金中心(有限合伙)",2.0
632,601888.SH,601888,中国中免,旅游服务,204.54,1.0,1.0,2.0,4437.39,"香港中央结算有限公司(陆股通)
安本标准投资管理(亚洲)有限公司-安本标准-中国A股股票基金
中国工商银行-上证50交易型开放式指数证券投资基金
中央汇金资产管理有限责任公司",4.0
633,300573.SZ,300573,兴齐眼药,化学制药,205.5,1.0,1.0,1.0,129.6,"中国建设银行股份有限公司-富国精准医疗灵活配置混合型证券投资基金
中国银行股份有限公司-博时医疗保健行业混合型证券投资基金
中国建设银行股份有限公司-富国新动力灵活配置混合型证券投资基金
中国工商银行股份有限公司-富国天惠精选成长混合型证券投资基金(LOF)
中国银行股份有限公司-易方达医疗保健行业混合型证券投资基金
中国建设银行股份有限公司-富国低碳新经济混合型证券投资基金
中国工商银行股份有限公司-华夏乐享健康灵活配置混合型证券投资基金",7.0
634,603392.SH,603392,万泰生物,医疗保健,210.0,8.0,0.0,2.0,99.95,,0.0
635,603087.SH,603087,甘李药业,生物制药,213.0,7.0,0.0,3.0,88.28,,0.0
636,688256.SH,688256,寒武纪-U,元器件,259.33,1.0,2.0,2.0,87.56,,0.0
637,688027.SH,688027,国盾量子,通信设备,301.45,8.0,0.0,1.0,55.35,,0.0
638,300661.SZ,300661,圣邦股份,元器件,345.15,8.0,0.0,1.0,589.53,"香港中央结算有限公司(陆股通)
中国银行股份有限公司-华夏中证5G通信主题交易型开放式指数证券投资基金
中国工商银行股份有限公司-广发创新升级灵活配置混合型证券投资基金
上海浦东发展银行股份有限公司-广发小盘成长混合型证券投资基金(LOF)
全国社保基金四零六组合
中国工商银行股份有限公司-诺安成长混合型证券投资基金
中国建设银行股份有限公司-华夏国证半导体芯片交易型开放式指数证券投资基金
中国工商银行股份有限公司-广发双擎升级混合型证券投资基金",8.0
639,688399.SH,688399,硕世生物,医疗保健,370.36,9.0,0.0,2.0,53.62,,0.0
640,688111.SH,688111,金山办公,软件服务,384.0,9.0,0.0,1.0,281.24,"中国工商银行股份有限公司-富国创新科技混合型证券投资基金
中国工商银行股份有限公司-银华中小盘精选混合型证券投资基金
中国银行股份有限公司-海富通股票混合型证券投资基金
基本养老保险基金八零四组合
中国建设银行股份有限公司-南方信息创新混合型证券投资基金
基本养老保险基金一二零二组合
中国工商银行股份有限公司-中欧时代先锋股票型发起式证券投资基金
全国社保基金一一四组合",8.0
641,300841.SZ,300841,康华生物,生物制药,672.0,1.0,1.0,4.0,103.31,,0.0
